rep_id,name,region,product_line,tenure_months,base_salary,monthly_target,actual_sales,deals_closed,month,year,attainment_pct,commission_rate,commission_earned,is_top_performer,bonus_earned,monthly_base,total_payout,total_compensation,attainment_pct_display,month_name
REP001,Anay Shanker,South,DataSync,67,937330,539239,304700.0,5,1,2024,0.5651,0.05,15235.0,False,0.0,78110.83,93345.83,93345.83,56.5,Jan 2024
REP002,Nirvaan Choudhury,West,DataSync,67,1162942,459637,419100.0,5,1,2024,0.9118,0.1,41910.0,True,20955.0,96911.83,159776.83,159776.83,91.2,Jan 2024
REP003,Sara Behl,West,CloudCore,23,1242077,682789,656000.0,7,1,2024,0.9608,0.1,65600.0,True,32800.0,103506.42,201906.42,201906.42,96.1,Jan 2024
REP004,Kiara Kakar,East,CloudCore,70,1183621,400299,274300.0,7,1,2024,0.6852,0.05,13715.0,False,0.0,98635.08,112350.08,112350.08,68.5,Jan 2024
REP005,Aniruddh Batra,East,CloudCore,5,956170,458650,329800.0,5,1,2024,0.7191,0.05,16490.0,False,0.0,79680.83,96170.83,96170.83,71.9,Jan 2024
REP006,Mehul Krishnan,West,SecureAPI,33,1172451,365184,175100.0,1,1,2024,0.4795,0.0,0.0,False,0.0,97704.25,97704.25,97704.25,47.9,Jan 2024
REP007,Jhanvi Chaudhary,North,SecureAPI,13,1394916,372453,331000.0,7,1,2024,0.8887,0.1,33100.0,False,0.0,116243.0,149343.0,149343.0,88.9,Jan 2024
REP008,Madhup Kapur,East,SecureAPI,11,1127831,549387,327900.0,6,1,2024,0.5968,0.05,16395.0,False,0.0,93985.92,110380.92,110380.92,59.7,Jan 2024
REP009,Zoya Virk,South,DataSync,19,881869,472949,329700.0,5,1,2024,0.6971,0.05,16485.0,False,0.0,73489.08,89974.08,89974.08,69.7,Jan 2024
REP010,Tara Swaminathan,West,CloudCore,24,1426510,538966,426700.0,7,1,2024,0.7917,0.05,21335.0,False,0.0,118875.83,140210.83,140210.83,79.2,Jan 2024
REP011,Rasha Kakar,West,CloudCore,57,1486059,511043,356500.0,5,1,2024,0.6976,0.05,17825.0,False,0.0,123838.25,141663.25,141663.25,69.8,Jan 2024
REP012,Ranbir Brahmbhatt,North,DataSync,42,1010922,404593,183100.0,4,1,2024,0.4526,0.0,0.0,False,0.0,84243.5,84243.5,84243.5,45.3,Jan 2024
REP013,Tarini Ganguly,West,DataSync,59,1241559,535828,286800.0,4,1,2024,0.5352,0.05,14340.0,False,0.0,103463.25,117803.25,117803.25,53.5,Jan 2024
REP014,Divij Gupta,East,CloudCore,34,763441,517806,291000.0,6,1,2024,0.562,0.05,14550.0,False,0.0,63620.08,78170.08,78170.08,56.2,Jan 2024
REP015,Taimur Vaidya,East,DataSync,32,711028,454256,369200.0,5,1,2024,0.8128,0.1,36920.0,False,0.0,59252.33,96172.33,96172.33,81.3,Jan 2024
REP016,Lavanya Deo,East,CloudCore,10,737220,520031,358000.0,4,1,2024,0.6884,0.05,17900.0,False,0.0,61435.0,79335.0,79335.0,68.8,Jan 2024
REP017,Samiha Karpe,South,CloudCore,45,782938,437149,374700.0,7,1,2024,0.8571,0.1,37470.0,False,0.0,65244.83,102714.83,102714.83,85.7,Jan 2024
REP018,Uthkarsh Baral,North,SecureAPI,65,1092004,406160,312900.0,7,1,2024,0.7704,0.05,15645.0,False,0.0,91000.33,106645.33,106645.33,77.0,Jan 2024
REP019,Mishti Ranganathan,North,DataSync,63,1398782,363700,238600.0,4,1,2024,0.656,0.05,11930.0,False,0.0,116565.17,128495.17,128495.17,65.6,Jan 2024
REP020,Kashvi Char,South,SecureAPI,27,1176833,374726,128100.0,4,1,2024,0.3418,0.0,0.0,False,0.0,98069.42,98069.42,98069.42,34.2,Jan 2024
REP021,Azad Sahota,East,SecureAPI,48,925994,461038,466500.0,10,1,2024,1.0118,0.15,69975.0,True,23325.0,77166.17,170466.17,170466.17,101.2,Jan 2024
REP022,Trisha Dhillon,South,CloudCore,15,806802,431778,310800.0,5,1,2024,0.7198,0.05,15540.0,False,0.0,67233.5,82773.5,82773.5,72.0,Jan 2024
REP023,Mehul Verma,East,CloudCore,16,877892,530367,396400.0,6,1,2024,0.7474,0.05,19820.0,False,0.0,73157.67,92977.67,92977.67,74.7,Jan 2024
REP024,Vaibhav Dewan,West,CloudCore,60,1412336,473495,393700.0,8,1,2024,0.8315,0.1,39370.0,False,0.0,117694.67,157064.67,157064.67,83.2,Jan 2024
REP025,Myra Tiwari,West,SecureAPI,62,1142075,415485,286700.0,3,1,2024,0.69,0.05,14335.0,False,0.0,95172.92,109507.92,109507.92,69.0,Jan 2024
REP026,Ishaan Goyal,North,DataSync,59,879046,511818,266100.0,4,1,2024,0.5199,0.05,13305.0,False,0.0,73253.83,86558.83,86558.83,52.0,Jan 2024
REP027,Lakshay Sampath,West,DataSync,15,1427057,313261,116600.0,2,1,2024,0.3722,0.0,0.0,False,0.0,118921.42,118921.42,118921.42,37.2,Jan 2024
REP028,Rati Sanghvi,West,CloudCore,4,1416847,448896,348400.0,5,1,2024,0.7761,0.05,17420.0,False,0.0,118070.58,135490.58,135490.58,77.6,Jan 2024
REP029,Mahika Ravi,South,DataSync,24,997861,406539,177500.0,4,1,2024,0.4366,0.0,0.0,False,0.0,83155.08,83155.08,83155.08,43.7,Jan 2024
REP030,Hazel Sethi,South,SecureAPI,54,974130,586569,418600.0,7,1,2024,0.7136,0.05,20930.0,False,0.0,81177.5,102107.5,102107.5,71.4,Jan 2024
REP031,Ishaan Kashyap,North,CloudCore,3,1197382,604693,533900.0,9,1,2024,0.8829,0.1,53390.0,False,0.0,99781.83,153171.83,153171.83,88.3,Jan 2024
REP032,Purab Reddy,West,SecureAPI,39,1327110,460888,421400.0,7,1,2024,0.9143,0.1,42140.0,True,21070.0,110592.5,173802.5,173802.5,91.4,Jan 2024
REP033,Piya Gaba,South,DataSync,22,1260311,349780,258700.0,6,1,2024,0.7396,0.05,12935.0,False,0.0,105025.92,117960.92,117960.92,74.0,Jan 2024
REP034,Manikya Tara,East,CloudCore,72,730662,431959,277300.0,6,1,2024,0.642,0.05,13865.0,False,0.0,60888.5,74753.5,74753.5,64.2,Jan 2024
REP035,Zara Dugar,North,SecureAPI,9,859942,503138,303500.0,5,1,2024,0.6032,0.05,15175.0,False,0.0,71661.83,86836.83,86836.83,60.3,Jan 2024
REP036,Priyansh Bali,North,CloudCore,23,1356926,429821,269400.0,4,1,2024,0.6268,0.05,13470.0,False,0.0,113077.17,126547.17,126547.17,62.7,Jan 2024
REP037,Jiya Vora,East,SecureAPI,26,742001,367962,195500.0,6,1,2024,0.5313,0.05,9775.0,False,0.0,61833.42,71608.42,71608.42,53.1,Jan 2024
REP038,Lakshit Sagar,North,CloudCore,54,1046629,462855,258100.0,5,1,2024,0.5576,0.05,12905.0,False,0.0,87219.08,100124.08,100124.08,55.8,Jan 2024
REP039,Vivaan Wagle,North,SecureAPI,34,1397347,501760,176400.0,1,1,2024,0.3516,0.0,0.0,False,0.0,116445.58,116445.58,116445.58,35.2,Jan 2024
REP040,Hridaan Deo,South,SecureAPI,56,835965,522326,396700.0,4,1,2024,0.7595,0.05,19835.0,False,0.0,69663.75,89498.75,89498.75,75.9,Jan 2024
REP041,Nishith Sharma,East,SecureAPI,43,974088,595027,482000.0,6,1,2024,0.81,0.1,48200.0,False,0.0,81174.0,129374.0,129374.0,81.0,Jan 2024
REP042,Siya Master,North,DataSync,33,1129445,369629,279800.0,8,1,2024,0.757,0.05,13990.0,False,0.0,94120.42,108110.42,108110.42,75.7,Jan 2024
REP043,Keya Iyengar,South,CloudCore,61,1064569,565767,413100.0,7,1,2024,0.7302,0.05,20655.0,False,0.0,88714.08,109369.08,109369.08,73.0,Jan 2024
REP044,Madhup Biswas,South,DataSync,4,826066,420136,198200.0,3,1,2024,0.4718,0.0,0.0,False,0.0,68838.83,68838.83,68838.83,47.2,Jan 2024
REP045,Divij Shroff,North,DataSync,15,1390341,319204,192400.0,2,1,2024,0.6027,0.05,9620.0,False,0.0,115861.75,125481.75,125481.75,60.3,Jan 2024
REP046,Faiyaz Bose,South,SecureAPI,36,1280458,384722,259200.0,4,1,2024,0.6737,0.05,12960.0,False,0.0,106704.83,119664.83,119664.83,67.4,Jan 2024
REP047,Vritika Sangha,East,SecureAPI,11,1161826,580495,263000.0,3,1,2024,0.4531,0.0,0.0,False,0.0,96818.83,96818.83,96818.83,45.3,Jan 2024
REP048,Kimaya Balay,East,CloudCore,23,849415,629734,528900.0,5,1,2024,0.8399,0.1,52890.0,False,0.0,70784.58,123674.58,123674.58,84.0,Jan 2024
REP049,Vaibhav Raju,East,DataSync,41,1068857,460347,251900.0,3,1,2024,0.5472,0.05,12595.0,False,0.0,89071.42,101666.42,101666.42,54.7,Jan 2024
REP050,Eva Dass,North,DataSync,4,1354634,475076,142900.0,1,1,2024,0.3008,0.0,0.0,False,0.0,112886.17,112886.17,112886.17,30.1,Jan 2024
REP051,Pihu Sen,North,CloudCore,16,1113921,470407,256300.0,2,1,2024,0.5448,0.05,12815.0,False,0.0,92826.75,105641.75,105641.75,54.5,Jan 2024
REP052,Pihu Wali,West,CloudCore,22,962235,542788,382600.0,3,1,2024,0.7049,0.05,19130.0,False,0.0,80186.25,99316.25,99316.25,70.5,Jan 2024
REP053,Tiya Rege,East,DataSync,46,810430,353371,239500.0,4,1,2024,0.6778,0.05,11975.0,False,0.0,67535.83,79510.83,79510.83,67.8,Jan 2024
REP054,Faiyaz Din,South,DataSync,67,1026807,428065,341700.0,7,1,2024,0.7982,0.05,17085.0,False,0.0,85567.25,102652.25,102652.25,79.8,Jan 2024
REP055,Indranil Karan,West,CloudCore,14,903266,622075,521000.0,8,1,2024,0.8375,0.1,52100.0,False,0.0,75272.17,127372.17,127372.17,83.8,Jan 2024
REP056,Saira Vora,West,DataSync,3,896228,387439,238600.0,2,1,2024,0.6158,0.05,11930.0,False,0.0,74685.67,86615.67,86615.67,61.6,Jan 2024
REP057,Damini Singh,East,DataSync,36,1034030,342357,140000.0,4,1,2024,0.4089,0.0,0.0,False,0.0,86169.17,86169.17,86169.17,40.9,Jan 2024
REP058,Dishani Bera,East,SecureAPI,57,989239,497038,234000.0,4,1,2024,0.4708,0.0,0.0,False,0.0,82436.58,82436.58,82436.58,47.1,Jan 2024
REP059,Navya Kulkarni,North,CloudCore,22,878898,686046,645600.0,9,1,2024,0.941,0.1,64560.0,True,32280.0,73241.5,170081.5,170081.5,94.1,Jan 2024
REP060,Indrans Grover,South,SecureAPI,21,1137151,462666,454000.0,6,1,2024,0.9813,0.1,45400.0,True,22700.0,94762.58,162862.58,162862.58,98.1,Jan 2024
REP061,Hrishita Sood,South,CloudCore,49,1073232,420916,374800.0,8,1,2024,0.8904,0.1,37480.0,True,18740.0,89436.0,145656.0,145656.0,89.0,Jan 2024
REP062,Kismat Edwin,North,CloudCore,34,1020281,453893,220300.0,4,1,2024,0.4854,0.0,0.0,False,0.0,85023.42,85023.42,85023.42,48.5,Jan 2024
REP063,Advik Bhalla,South,DataSync,22,1176117,542683,345900.0,6,1,2024,0.6374,0.05,17295.0,False,0.0,98009.75,115304.75,115304.75,63.7,Jan 2024
REP064,Zara Dube,North,CloudCore,25,970395,616161,226200.0,1,1,2024,0.3671,0.0,0.0,False,0.0,80866.25,80866.25,80866.25,36.7,Jan 2024
REP065,Bhavin Dara,North,SecureAPI,55,1148321,560301,544100.0,6,1,2024,0.9711,0.1,54410.0,True,27205.0,95693.42,177308.42,177308.42,97.1,Jan 2024
REP066,Dharmajan Setty,South,SecureAPI,37,1010222,391732,340000.0,4,1,2024,0.8679,0.1,34000.0,False,0.0,84185.17,118185.17,118185.17,86.8,Jan 2024
REP067,Darshit Sidhu,West,CloudCore,51,963346,420302,209600.0,1,1,2024,0.4987,0.0,0.0,False,0.0,80278.83,80278.83,80278.83,49.9,Jan 2024
REP068,Gokul Sahni,West,DataSync,28,1083238,514063,321000.0,5,1,2024,0.6244,0.05,16050.0,False,0.0,90269.83,106319.83,106319.83,62.4,Jan 2024
REP069,Ira Butala,East,DataSync,42,883321,515098,282900.0,3,1,2024,0.5492,0.05,14145.0,False,0.0,73610.08,87755.08,87755.08,54.9,Jan 2024
REP070,Eva Viswanathan,North,SecureAPI,31,1038651,356203,153700.0,2,1,2024,0.4315,0.0,0.0,False,0.0,86554.25,86554.25,86554.25,43.2,Jan 2024
REP071,Lakshit Madan,East,DataSync,45,908910,373034,289000.0,8,1,2024,0.7747,0.05,14450.0,False,0.0,75742.5,90192.5,90192.5,77.5,Jan 2024
REP072,Riya Dugal,West,SecureAPI,47,1142683,518160,356000.0,6,1,2024,0.687,0.05,17800.0,False,0.0,95223.58,113023.58,113023.58,68.7,Jan 2024
REP073,Oorja Sachar,South,DataSync,6,1097235,330236,243600.0,3,1,2024,0.7377,0.05,12180.0,False,0.0,91436.25,103616.25,103616.25,73.8,Jan 2024
REP074,Advika Yogi,South,SecureAPI,25,1023903,502198,346500.0,7,1,2024,0.69,0.05,17325.0,False,0.0,85325.25,102650.25,102650.25,69.0,Jan 2024
REP075,Fateh Dasgupta,South,DataSync,7,1028361,328417,65800.0,1,1,2024,0.2004,0.0,0.0,False,0.0,85696.75,85696.75,85696.75,20.0,Jan 2024
REP076,Chirag Gara,North,CloudCore,43,1162479,628796,514300.0,4,1,2024,0.8179,0.1,51430.0,False,0.0,96873.25,148303.25,148303.25,81.8,Jan 2024
REP077,Khushi Malhotra,West,SecureAPI,17,1386265,450976,337800.0,6,1,2024,0.749,0.05,16890.0,False,0.0,115522.08,132412.08,132412.08,74.9,Jan 2024
REP078,Khushi Choudhary,West,SecureAPI,35,1049312,361635,170700.0,2,1,2024,0.472,0.0,0.0,False,0.0,87442.67,87442.67,87442.67,47.2,Jan 2024
REP079,Devansh Sathe,West,DataSync,69,851773,542633,280900.0,5,1,2024,0.5177,0.05,14045.0,False,0.0,70981.08,85026.08,85026.08,51.8,Jan 2024
REP080,Manikya Bandi,East,SecureAPI,28,1060110,445478,122300.0,4,1,2024,0.2745,0.0,0.0,False,0.0,88342.5,88342.5,88342.5,27.4,Jan 2024
REP001,Anay Shanker,South,DataSync,67,937330,539239,266200.0,5,2,2024,0.4937,0.0,0.0,False,0.0,78110.83,78110.83,78110.83,49.4,Feb 2024
REP002,Nirvaan Choudhury,West,DataSync,67,1162942,459637,444400.0,9,2,2024,0.9668,0.1,44440.0,True,22220.0,96911.83,163571.83,163571.83,96.7,Feb 2024
REP003,Sara Behl,West,CloudCore,23,1242077,682789,709100.0,8,2,2024,1.0385,0.15,106365.0,True,35455.0,103506.42,245326.42,245326.42,103.8,Feb 2024
REP004,Kiara Kakar,East,CloudCore,70,1183621,400299,183300.0,4,2,2024,0.4579,0.0,0.0,False,0.0,98635.08,98635.08,98635.08,45.8,Feb 2024
REP005,Aniruddh Batra,East,CloudCore,5,956170,458650,313000.0,7,2,2024,0.6824,0.05,15650.0,False,0.0,79680.83,95330.83,95330.83,68.2,Feb 2024
REP006,Mehul Krishnan,West,SecureAPI,33,1172451,365184,167900.0,5,2,2024,0.4598,0.0,0.0,False,0.0,97704.25,97704.25,97704.25,46.0,Feb 2024
REP007,Jhanvi Chaudhary,North,SecureAPI,13,1394916,372453,315800.0,7,2,2024,0.8479,0.1,31580.0,False,0.0,116243.0,147823.0,147823.0,84.8,Feb 2024
REP008,Madhup Kapur,East,SecureAPI,11,1127831,549387,307400.0,6,2,2024,0.5595,0.05,15370.0,False,0.0,93985.92,109355.92,109355.92,56.0,Feb 2024
REP009,Zoya Virk,South,DataSync,19,881869,472949,335400.0,6,2,2024,0.7092,0.05,16770.0,False,0.0,73489.08,90259.08,90259.08,70.9,Feb 2024
REP010,Tara Swaminathan,West,CloudCore,24,1426510,538966,436200.0,5,2,2024,0.8093,0.1,43620.0,False,0.0,118875.83,162495.83,162495.83,80.9,Feb 2024
REP011,Rasha Kakar,West,CloudCore,57,1486059,511043,393200.0,7,2,2024,0.7694,0.05,19660.0,False,0.0,123838.25,143498.25,143498.25,76.9,Feb 2024
REP012,Ranbir Brahmbhatt,North,DataSync,42,1010922,404593,257400.0,6,2,2024,0.6362,0.05,12870.0,False,0.0,84243.5,97113.5,97113.5,63.6,Feb 2024
REP013,Tarini Ganguly,West,DataSync,59,1241559,535828,233500.0,3,2,2024,0.4358,0.0,0.0,False,0.0,103463.25,103463.25,103463.25,43.6,Feb 2024
REP014,Divij Gupta,East,CloudCore,34,763441,517806,377200.0,4,2,2024,0.7285,0.05,18860.0,False,0.0,63620.08,82480.08,82480.08,72.9,Feb 2024
REP015,Taimur Vaidya,East,DataSync,32,711028,454256,417400.0,7,2,2024,0.9189,0.1,41740.0,False,0.0,59252.33,100992.33,100992.33,91.9,Feb 2024
REP016,Lavanya Deo,East,CloudCore,10,737220,520031,322200.0,6,2,2024,0.6196,0.05,16110.0,False,0.0,61435.0,77545.0,77545.0,62.0,Feb 2024
REP017,Samiha Karpe,South,CloudCore,45,782938,437149,421000.0,8,2,2024,0.9631,0.1,42100.0,True,21050.0,65244.83,128394.83,128394.83,96.3,Feb 2024
REP018,Uthkarsh Baral,North,SecureAPI,65,1092004,406160,318900.0,5,2,2024,0.7852,0.05,15945.0,False,0.0,91000.33,106945.33,106945.33,78.5,Feb 2024
REP019,Mishti Ranganathan,North,DataSync,63,1398782,363700,276600.0,6,2,2024,0.7605,0.05,13830.0,False,0.0,116565.17,130395.17,130395.17,76.0,Feb 2024
REP020,Kashvi Char,South,SecureAPI,27,1176833,374726,184300.0,4,2,2024,0.4918,0.0,0.0,False,0.0,98069.42,98069.42,98069.42,49.2,Feb 2024
REP021,Azad Sahota,East,SecureAPI,48,925994,461038,393500.0,4,2,2024,0.8535,0.1,39350.0,False,0.0,77166.17,116516.17,116516.17,85.4,Feb 2024
REP022,Trisha Dhillon,South,CloudCore,15,806802,431778,310700.0,5,2,2024,0.7196,0.05,15535.0,False,0.0,67233.5,82768.5,82768.5,72.0,Feb 2024
REP023,Mehul Verma,East,CloudCore,16,877892,530367,385600.0,4,2,2024,0.727,0.05,19280.0,False,0.0,73157.67,92437.67,92437.67,72.7,Feb 2024
REP024,Vaibhav Dewan,West,CloudCore,60,1412336,473495,422700.0,7,2,2024,0.8927,0.1,42270.0,False,0.0,117694.67,159964.67,159964.67,89.3,Feb 2024
REP025,Myra Tiwari,West,SecureAPI,62,1142075,415485,309300.0,5,2,2024,0.7444,0.05,15465.0,False,0.0,95172.92,110637.92,110637.92,74.4,Feb 2024
REP026,Ishaan Goyal,North,DataSync,59,879046,511818,291000.0,4,2,2024,0.5686,0.05,14550.0,False,0.0,73253.83,87803.83,87803.83,56.9,Feb 2024
REP027,Lakshay Sampath,West,DataSync,15,1427057,313261,233800.0,7,2,2024,0.7463,0.05,11690.0,False,0.0,118921.42,130611.42,130611.42,74.6,Feb 2024
REP028,Rati Sanghvi,West,CloudCore,4,1416847,448896,348700.0,4,2,2024,0.7768,0.05,17435.0,False,0.0,118070.58,135505.58,135505.58,77.7,Feb 2024
REP029,Mahika Ravi,South,DataSync,24,997861,406539,224000.0,3,2,2024,0.551,0.05,11200.0,False,0.0,83155.08,94355.08,94355.08,55.1,Feb 2024
REP030,Hazel Sethi,South,SecureAPI,54,974130,586569,441600.0,5,2,2024,0.7529,0.05,22080.0,False,0.0,81177.5,103257.5,103257.5,75.3,Feb 2024
REP031,Ishaan Kashyap,North,CloudCore,3,1197382,604693,496600.0,5,2,2024,0.8212,0.1,49660.0,False,0.0,99781.83,149441.83,149441.83,82.1,Feb 2024
REP032,Purab Reddy,West,SecureAPI,39,1327110,460888,349100.0,7,2,2024,0.7575,0.05,17455.0,False,0.0,110592.5,128047.5,128047.5,75.8,Feb 2024
REP033,Piya Gaba,South,DataSync,22,1260311,349780,267900.0,5,2,2024,0.7659,0.05,13395.0,False,0.0,105025.92,118420.92,118420.92,76.6,Feb 2024
REP034,Manikya Tara,East,CloudCore,72,730662,431959,430400.0,6,2,2024,0.9964,0.1,43040.0,True,21520.0,60888.5,125448.5,125448.5,99.6,Feb 2024
REP035,Zara Dugar,North,SecureAPI,9,859942,503138,250000.0,1,2,2024,0.4969,0.0,0.0,False,0.0,71661.83,71661.83,71661.83,49.7,Feb 2024
REP036,Priyansh Bali,North,CloudCore,23,1356926,429821,339100.0,7,2,2024,0.7889,0.05,16955.0,False,0.0,113077.17,130032.17,130032.17,78.9,Feb 2024
REP037,Jiya Vora,East,SecureAPI,26,742001,367962,189800.0,5,2,2024,0.5158,0.05,9490.0,False,0.0,61833.42,71323.42,71323.42,51.6,Feb 2024
REP038,Lakshit Sagar,North,CloudCore,54,1046629,462855,299800.0,5,2,2024,0.6477,0.05,14990.0,False,0.0,87219.08,102209.08,102209.08,64.8,Feb 2024
REP039,Vivaan Wagle,North,SecureAPI,34,1397347,501760,329700.0,7,2,2024,0.6571,0.05,16485.0,False,0.0,116445.58,132930.58,132930.58,65.7,Feb 2024
REP040,Hridaan Deo,South,SecureAPI,56,835965,522326,434700.0,7,2,2024,0.8322,0.1,43470.0,False,0.0,69663.75,113133.75,113133.75,83.2,Feb 2024
REP041,Nishith Sharma,East,SecureAPI,43,974088,595027,497400.0,7,2,2024,0.8359,0.1,49740.0,False,0.0,81174.0,130914.0,130914.0,83.6,Feb 2024
REP042,Siya Master,North,DataSync,33,1129445,369629,248600.0,3,2,2024,0.6726,0.05,12430.0,False,0.0,94120.42,106550.42,106550.42,67.3,Feb 2024
REP043,Keya Iyengar,South,CloudCore,61,1064569,565767,506200.0,6,2,2024,0.8947,0.1,50620.0,False,0.0,88714.08,139334.08,139334.08,89.5,Feb 2024
REP044,Madhup Biswas,South,DataSync,4,826066,420136,147800.0,3,2,2024,0.3518,0.0,0.0,False,0.0,68838.83,68838.83,68838.83,35.2,Feb 2024
REP045,Divij Shroff,North,DataSync,15,1390341,319204,260600.0,7,2,2024,0.8164,0.1,26060.0,False,0.0,115861.75,141921.75,141921.75,81.6,Feb 2024
REP046,Faiyaz Bose,South,SecureAPI,36,1280458,384722,373300.0,9,2,2024,0.9703,0.1,37330.0,True,18665.0,106704.83,162699.83,162699.83,97.0,Feb 2024
REP047,Vritika Sangha,East,SecureAPI,11,1161826,580495,232900.0,1,2,2024,0.4012,0.0,0.0,False,0.0,96818.83,96818.83,96818.83,40.1,Feb 2024
REP048,Kimaya Balay,East,CloudCore,23,849415,629734,444400.0,7,2,2024,0.7057,0.05,22220.0,False,0.0,70784.58,93004.58,93004.58,70.6,Feb 2024
REP049,Vaibhav Raju,East,DataSync,41,1068857,460347,244900.0,5,2,2024,0.532,0.05,12245.0,False,0.0,89071.42,101316.42,101316.42,53.2,Feb 2024
REP050,Eva Dass,North,DataSync,4,1354634,475076,218300.0,4,2,2024,0.4595,0.0,0.0,False,0.0,112886.17,112886.17,112886.17,46.0,Feb 2024
REP051,Pihu Sen,North,CloudCore,16,1113921,470407,157100.0,1,2,2024,0.334,0.0,0.0,False,0.0,92826.75,92826.75,92826.75,33.4,Feb 2024
REP052,Pihu Wali,West,CloudCore,22,962235,542788,416100.0,6,2,2024,0.7666,0.05,20805.0,False,0.0,80186.25,100991.25,100991.25,76.7,Feb 2024
REP053,Tiya Rege,East,DataSync,46,810430,353371,232500.0,5,2,2024,0.6579,0.05,11625.0,False,0.0,67535.83,79160.83,79160.83,65.8,Feb 2024
REP054,Faiyaz Din,South,DataSync,67,1026807,428065,344800.0,7,2,2024,0.8055,0.1,34480.0,False,0.0,85567.25,120047.25,120047.25,80.6,Feb 2024
REP055,Indranil Karan,West,CloudCore,14,903266,622075,417900.0,6,2,2024,0.6718,0.05,20895.0,False,0.0,75272.17,96167.17,96167.17,67.2,Feb 2024
REP056,Saira Vora,West,DataSync,3,896228,387439,273500.0,7,2,2024,0.7059,0.05,13675.0,False,0.0,74685.67,88360.67,88360.67,70.6,Feb 2024
REP057,Damini Singh,East,DataSync,36,1034030,342357,145800.0,5,2,2024,0.4259,0.0,0.0,False,0.0,86169.17,86169.17,86169.17,42.6,Feb 2024
REP058,Dishani Bera,East,SecureAPI,57,989239,497038,239300.0,5,2,2024,0.4815,0.0,0.0,False,0.0,82436.58,82436.58,82436.58,48.2,Feb 2024
REP059,Navya Kulkarni,North,CloudCore,22,878898,686046,683300.0,6,2,2024,0.996,0.1,68330.0,True,34165.0,73241.5,175736.5,175736.5,99.6,Feb 2024
REP060,Indrans Grover,South,SecureAPI,21,1137151,462666,400300.0,7,2,2024,0.8652,0.1,40030.0,False,0.0,94762.58,134792.58,134792.58,86.5,Feb 2024
REP061,Hrishita Sood,South,CloudCore,49,1073232,420916,403500.0,6,2,2024,0.9586,0.1,40350.0,True,20175.0,89436.0,149961.0,149961.0,95.9,Feb 2024
REP062,Kismat Edwin,North,CloudCore,34,1020281,453893,307200.0,5,2,2024,0.6768,0.05,15360.0,False,0.0,85023.42,100383.42,100383.42,67.7,Feb 2024
REP063,Advik Bhalla,South,DataSync,22,1176117,542683,328700.0,5,2,2024,0.6057,0.05,16435.0,False,0.0,98009.75,114444.75,114444.75,60.6,Feb 2024
REP064,Zara Dube,North,CloudCore,25,970395,616161,334100.0,5,2,2024,0.5422,0.05,16705.0,False,0.0,80866.25,97571.25,97571.25,54.2,Feb 2024
REP065,Bhavin Dara,North,SecureAPI,55,1148321,560301,538200.0,5,2,2024,0.9606,0.1,53820.0,True,26910.0,95693.42,176423.42,176423.42,96.1,Feb 2024
REP066,Dharmajan Setty,South,SecureAPI,37,1010222,391732,327100.0,7,2,2024,0.835,0.1,32710.0,False,0.0,84185.17,116895.17,116895.17,83.5,Feb 2024
REP067,Darshit Sidhu,West,CloudCore,51,963346,420302,156200.0,2,2,2024,0.3716,0.0,0.0,False,0.0,80278.83,80278.83,80278.83,37.2,Feb 2024
REP068,Gokul Sahni,West,DataSync,28,1083238,514063,185900.0,3,2,2024,0.3616,0.0,0.0,False,0.0,90269.83,90269.83,90269.83,36.2,Feb 2024
REP069,Ira Butala,East,DataSync,42,883321,515098,300100.0,3,2,2024,0.5826,0.05,15005.0,False,0.0,73610.08,88615.08,88615.08,58.3,Feb 2024
REP070,Eva Viswanathan,North,SecureAPI,31,1038651,356203,197900.0,5,2,2024,0.5556,0.05,9895.0,False,0.0,86554.25,96449.25,96449.25,55.6,Feb 2024
REP071,Lakshit Madan,East,DataSync,45,908910,373034,292500.0,5,2,2024,0.7841,0.05,14625.0,False,0.0,75742.5,90367.5,90367.5,78.4,Feb 2024
REP072,Riya Dugal,West,SecureAPI,47,1142683,518160,291000.0,6,2,2024,0.5616,0.05,14550.0,False,0.0,95223.58,109773.58,109773.58,56.2,Feb 2024
REP073,Oorja Sachar,South,DataSync,6,1097235,330236,229400.0,7,2,2024,0.6947,0.05,11470.0,False,0.0,91436.25,102906.25,102906.25,69.5,Feb 2024
REP074,Advika Yogi,South,SecureAPI,25,1023903,502198,275100.0,2,2,2024,0.5478,0.05,13755.0,False,0.0,85325.25,99080.25,99080.25,54.8,Feb 2024
REP075,Fateh Dasgupta,South,DataSync,7,1028361,328417,182300.0,5,2,2024,0.5551,0.05,9115.0,False,0.0,85696.75,94811.75,94811.75,55.5,Feb 2024
REP076,Chirag Gara,North,CloudCore,43,1162479,628796,434800.0,7,2,2024,0.6915,0.05,21740.0,False,0.0,96873.25,118613.25,118613.25,69.2,Feb 2024
REP077,Khushi Malhotra,West,SecureAPI,17,1386265,450976,423500.0,9,2,2024,0.9391,0.1,42350.0,False,0.0,115522.08,157872.08,157872.08,93.9,Feb 2024
REP078,Khushi Choudhary,West,SecureAPI,35,1049312,361635,208600.0,2,2,2024,0.5768,0.05,10430.0,False,0.0,87442.67,97872.67,97872.67,57.7,Feb 2024
REP079,Devansh Sathe,West,DataSync,69,851773,542633,204600.0,1,2,2024,0.3771,0.0,0.0,False,0.0,70981.08,70981.08,70981.08,37.7,Feb 2024
REP080,Manikya Bandi,East,SecureAPI,28,1060110,445478,266700.0,5,2,2024,0.5987,0.05,13335.0,False,0.0,88342.5,101677.5,101677.5,59.9,Feb 2024
REP001,Anay Shanker,South,DataSync,67,937330,539239,285300.0,3,3,2024,0.5291,0.05,14265.0,False,0.0,78110.83,92375.83,92375.83,52.9,Mar 2024
REP002,Nirvaan Choudhury,West,DataSync,67,1162942,459637,599900.0,11,3,2024,1.3052,0.2,119980.0,True,29995.0,96911.83,246886.83,246886.83,130.5,Mar 2024
REP003,Sara Behl,West,CloudCore,23,1242077,682789,912400.0,9,3,2024,1.3363,0.2,182480.0,True,45620.0,103506.42,331606.42,331606.42,133.6,Mar 2024
REP004,Kiara Kakar,East,CloudCore,70,1183621,400299,221500.0,2,3,2024,0.5533,0.05,11075.0,False,0.0,98635.08,109710.08,109710.08,55.3,Mar 2024
REP005,Aniruddh Batra,East,CloudCore,5,956170,458650,513200.0,8,3,2024,1.1189,0.15,76980.0,False,0.0,79680.83,156660.83,156660.83,111.9,Mar 2024
REP006,Mehul Krishnan,West,SecureAPI,33,1172451,365184,273000.0,6,3,2024,0.7476,0.05,13650.0,False,0.0,97704.25,111354.25,111354.25,74.8,Mar 2024
REP007,Jhanvi Chaudhary,North,SecureAPI,13,1394916,372453,410100.0,8,3,2024,1.1011,0.15,61515.0,False,0.0,116243.0,177758.0,177758.0,110.1,Mar 2024
REP008,Madhup Kapur,East,SecureAPI,11,1127831,549387,539100.0,6,3,2024,0.9813,0.1,53910.0,False,0.0,93985.92,147895.92,147895.92,98.1,Mar 2024
REP009,Zoya Virk,South,DataSync,19,881869,472949,457100.0,8,3,2024,0.9665,0.1,45710.0,False,0.0,73489.08,119199.08,119199.08,96.6,Mar 2024
REP010,Tara Swaminathan,West,CloudCore,24,1426510,538966,486400.0,7,3,2024,0.9025,0.1,48640.0,False,0.0,118875.83,167515.83,167515.83,90.2,Mar 2024
REP011,Rasha Kakar,West,CloudCore,57,1486059,511043,452500.0,7,3,2024,0.8854,0.1,45250.0,False,0.0,123838.25,169088.25,169088.25,88.5,Mar 2024
REP012,Ranbir Brahmbhatt,North,DataSync,42,1010922,404593,224100.0,5,3,2024,0.5539,0.05,11205.0,False,0.0,84243.5,95448.5,95448.5,55.4,Mar 2024
REP013,Tarini Ganguly,West,DataSync,59,1241559,535828,359200.0,5,3,2024,0.6704,0.05,17960.0,False,0.0,103463.25,121423.25,121423.25,67.0,Mar 2024
REP014,Divij Gupta,East,CloudCore,34,763441,517806,538800.0,9,3,2024,1.0405,0.15,80820.0,False,0.0,63620.08,144440.08,144440.08,104.0,Mar 2024
REP015,Taimur Vaidya,East,DataSync,32,711028,454256,573400.0,10,3,2024,1.2623,0.2,114680.0,True,28670.0,59252.33,202602.33,202602.33,126.2,Mar 2024
REP016,Lavanya Deo,East,CloudCore,10,737220,520031,572900.0,6,3,2024,1.1017,0.15,85935.0,False,0.0,61435.0,147370.0,147370.0,110.2,Mar 2024
REP017,Samiha Karpe,South,CloudCore,45,782938,437149,542100.0,10,3,2024,1.2401,0.2,108420.0,False,0.0,65244.83,173664.83,173664.83,124.0,Mar 2024
REP018,Uthkarsh Baral,North,SecureAPI,65,1092004,406160,479500.0,7,3,2024,1.1806,0.15,71925.0,False,0.0,91000.33,162925.33,162925.33,118.1,Mar 2024
REP019,Mishti Ranganathan,North,DataSync,63,1398782,363700,350700.0,9,3,2024,0.9643,0.1,35070.0,False,0.0,116565.17,151635.17,151635.17,96.4,Mar 2024
REP020,Kashvi Char,South,SecureAPI,27,1176833,374726,416300.0,6,3,2024,1.1109,0.15,62445.0,False,0.0,98069.42,160514.42,160514.42,111.1,Mar 2024
REP021,Azad Sahota,East,SecureAPI,48,925994,461038,595500.0,10,3,2024,1.2917,0.2,119100.0,True,29775.0,77166.17,226041.17,226041.17,129.2,Mar 2024
REP022,Trisha Dhillon,South,CloudCore,15,806802,431778,384100.0,6,3,2024,0.8896,0.1,38410.0,False,0.0,67233.5,105643.5,105643.5,89.0,Mar 2024
REP023,Mehul Verma,East,CloudCore,16,877892,530367,457500.0,4,3,2024,0.8626,0.1,45750.0,False,0.0,73157.67,118907.67,118907.67,86.3,Mar 2024
REP024,Vaibhav Dewan,West,CloudCore,60,1412336,473495,605800.0,8,3,2024,1.2794,0.2,121160.0,True,30290.0,117694.67,269144.67,269144.67,127.9,Mar 2024
REP025,Myra Tiwari,West,SecureAPI,62,1142075,415485,402700.0,5,3,2024,0.9692,0.1,40270.0,False,0.0,95172.92,135442.92,135442.92,96.9,Mar 2024
REP026,Ishaan Goyal,North,DataSync,59,879046,511818,406900.0,5,3,2024,0.795,0.05,20345.0,False,0.0,73253.83,93598.83,93598.83,79.5,Mar 2024
REP027,Lakshay Sampath,West,DataSync,15,1427057,313261,237100.0,5,3,2024,0.7569,0.05,11855.0,False,0.0,118921.42,130776.42,130776.42,75.7,Mar 2024
REP028,Rati Sanghvi,West,CloudCore,4,1416847,448896,443700.0,5,3,2024,0.9884,0.1,44370.0,False,0.0,118070.58,162440.58,162440.58,98.8,Mar 2024
REP029,Mahika Ravi,South,DataSync,24,997861,406539,223200.0,6,3,2024,0.549,0.05,11160.0,False,0.0,83155.08,94315.08,94315.08,54.9,Mar 2024
REP030,Hazel Sethi,South,SecureAPI,54,974130,586569,473100.0,5,3,2024,0.8066,0.1,47310.0,False,0.0,81177.5,128487.5,128487.5,80.7,Mar 2024
REP031,Ishaan Kashyap,North,CloudCore,3,1197382,604693,726500.0,8,3,2024,1.2014,0.2,145300.0,False,0.0,99781.83,245081.83,245081.83,120.1,Mar 2024
REP032,Purab Reddy,West,SecureAPI,39,1327110,460888,509500.0,7,3,2024,1.1055,0.15,76425.0,False,0.0,110592.5,187017.5,187017.5,110.6,Mar 2024
REP033,Piya Gaba,South,DataSync,22,1260311,349780,358300.0,9,3,2024,1.0244,0.15,53745.0,False,0.0,105025.92,158770.92,158770.92,102.4,Mar 2024
REP034,Manikya Tara,East,CloudCore,72,730662,431959,363100.0,4,3,2024,0.8406,0.1,36310.0,False,0.0,60888.5,97198.5,97198.5,84.1,Mar 2024
REP035,Zara Dugar,North,SecureAPI,9,859942,503138,357100.0,7,3,2024,0.7097,0.05,17855.0,False,0.0,71661.83,89516.83,89516.83,71.0,Mar 2024
REP036,Priyansh Bali,North,CloudCore,23,1356926,429821,449600.0,7,3,2024,1.046,0.15,67440.0,False,0.0,113077.17,180517.17,180517.17,104.6,Mar 2024
REP037,Jiya Vora,East,SecureAPI,26,742001,367962,199900.0,5,3,2024,0.5433,0.05,9995.0,False,0.0,61833.42,71828.42,71828.42,54.3,Mar 2024
REP038,Lakshit Sagar,North,CloudCore,54,1046629,462855,470700.0,8,3,2024,1.0169,0.15,70605.0,False,0.0,87219.08,157824.08,157824.08,101.7,Mar 2024
REP039,Vivaan Wagle,North,SecureAPI,34,1397347,501760,347100.0,5,3,2024,0.6918,0.05,17355.0,False,0.0,116445.58,133800.58,133800.58,69.2,Mar 2024
REP040,Hridaan Deo,South,SecureAPI,56,835965,522326,445800.0,5,3,2024,0.8535,0.1,44580.0,False,0.0,69663.75,114243.75,114243.75,85.4,Mar 2024
REP041,Nishith Sharma,East,SecureAPI,43,974088,595027,620400.0,10,3,2024,1.0426,0.15,93060.0,False,0.0,81174.0,174234.0,174234.0,104.3,Mar 2024
REP042,Siya Master,North,DataSync,33,1129445,369629,394800.0,10,3,2024,1.0681,0.15,59220.0,False,0.0,94120.42,153340.42,153340.42,106.8,Mar 2024
REP043,Keya Iyengar,South,CloudCore,61,1064569,565767,641600.0,7,3,2024,1.134,0.15,96240.0,False,0.0,88714.08,184954.08,184954.08,113.4,Mar 2024
REP044,Madhup Biswas,South,DataSync,4,826066,420136,356500.0,5,3,2024,0.8485,0.1,35650.0,False,0.0,68838.83,104488.83,104488.83,84.9,Mar 2024
REP045,Divij Shroff,North,DataSync,15,1390341,319204,263000.0,6,3,2024,0.8239,0.1,26300.0,False,0.0,115861.75,142161.75,142161.75,82.4,Mar 2024
REP046,Faiyaz Bose,South,SecureAPI,36,1280458,384722,338300.0,5,3,2024,0.8793,0.1,33830.0,False,0.0,106704.83,140534.83,140534.83,87.9,Mar 2024
REP047,Vritika Sangha,East,SecureAPI,11,1161826,580495,443300.0,8,3,2024,0.7637,0.05,22165.0,False,0.0,96818.83,118983.83,118983.83,76.4,Mar 2024
REP048,Kimaya Balay,East,CloudCore,23,849415,629734,668900.0,6,3,2024,1.0622,0.15,100335.0,False,0.0,70784.58,171119.58,171119.58,106.2,Mar 2024
REP049,Vaibhav Raju,East,DataSync,41,1068857,460347,351500.0,6,3,2024,0.7636,0.05,17575.0,False,0.0,89071.42,106646.42,106646.42,76.4,Mar 2024
REP050,Eva Dass,North,DataSync,4,1354634,475076,612500.0,12,3,2024,1.2893,0.2,122500.0,True,30625.0,112886.17,266011.17,266011.17,128.9,Mar 2024
REP051,Pihu Sen,North,CloudCore,16,1113921,470407,363300.0,7,3,2024,0.7723,0.05,18165.0,False,0.0,92826.75,110991.75,110991.75,77.2,Mar 2024
REP052,Pihu Wali,West,CloudCore,22,962235,542788,619100.0,10,3,2024,1.1406,0.15,92865.0,False,0.0,80186.25,173051.25,173051.25,114.1,Mar 2024
REP053,Tiya Rege,East,DataSync,46,810430,353371,395000.0,7,3,2024,1.1178,0.15,59250.0,False,0.0,67535.83,126785.83,126785.83,111.8,Mar 2024
REP054,Faiyaz Din,South,DataSync,67,1026807,428065,462100.0,6,3,2024,1.0795,0.15,69315.0,False,0.0,85567.25,154882.25,154882.25,108.0,Mar 2024
REP055,Indranil Karan,West,CloudCore,14,903266,622075,595800.0,9,3,2024,0.9578,0.1,59580.0,False,0.0,75272.17,134852.17,134852.17,95.8,Mar 2024
REP056,Saira Vora,West,DataSync,3,896228,387439,310700.0,5,3,2024,0.8019,0.1,31070.0,False,0.0,74685.67,105755.67,105755.67,80.2,Mar 2024
REP057,Damini Singh,East,DataSync,36,1034030,342357,192000.0,2,3,2024,0.5608,0.05,9600.0,False,0.0,86169.17,95769.17,95769.17,56.1,Mar 2024
REP058,Dishani Bera,East,SecureAPI,57,989239,497038,320700.0,5,3,2024,0.6452,0.05,16035.0,False,0.0,82436.58,98471.58,98471.58,64.5,Mar 2024
REP059,Navya Kulkarni,North,CloudCore,22,878898,686046,822000.0,11,3,2024,1.1982,0.15,123300.0,False,0.0,73241.5,196541.5,196541.5,119.8,Mar 2024
REP060,Indrans Grover,South,SecureAPI,21,1137151,462666,576400.0,7,3,2024,1.2458,0.2,115280.0,True,28820.0,94762.58,238862.58,238862.58,124.6,Mar 2024
REP061,Hrishita Sood,South,CloudCore,49,1073232,420916,603400.0,13,3,2024,1.4335,0.2,120680.0,True,30170.0,89436.0,240286.0,240286.0,143.4,Mar 2024
REP062,Kismat Edwin,North,CloudCore,34,1020281,453893,176300.0,1,3,2024,0.3884,0.0,0.0,False,0.0,85023.42,85023.42,85023.42,38.8,Mar 2024
REP063,Advik Bhalla,South,DataSync,22,1176117,542683,588300.0,8,3,2024,1.0841,0.15,88245.0,False,0.0,98009.75,186254.75,186254.75,108.4,Mar 2024
REP064,Zara Dube,North,CloudCore,25,970395,616161,264000.0,5,3,2024,0.4285,0.0,0.0,False,0.0,80866.25,80866.25,80866.25,42.8,Mar 2024
REP065,Bhavin Dara,North,SecureAPI,55,1148321,560301,672000.0,10,3,2024,1.1994,0.15,100800.0,False,0.0,95693.42,196493.42,196493.42,119.9,Mar 2024
REP066,Dharmajan Setty,South,SecureAPI,37,1010222,391732,444500.0,9,3,2024,1.1347,0.15,66675.0,False,0.0,84185.17,150860.17,150860.17,113.5,Mar 2024
REP067,Darshit Sidhu,West,CloudCore,51,963346,420302,291100.0,3,3,2024,0.6926,0.05,14555.0,False,0.0,80278.83,94833.83,94833.83,69.3,Mar 2024
REP068,Gokul Sahni,West,DataSync,28,1083238,514063,263600.0,6,3,2024,0.5128,0.05,13180.0,False,0.0,90269.83,103449.83,103449.83,51.3,Mar 2024
REP069,Ira Butala,East,DataSync,42,883321,515098,293500.0,4,3,2024,0.5698,0.05,14675.0,False,0.0,73610.08,88285.08,88285.08,57.0,Mar 2024
REP070,Eva Viswanathan,North,SecureAPI,31,1038651,356203,281200.0,4,3,2024,0.7894,0.05,14060.0,False,0.0,86554.25,100614.25,100614.25,78.9,Mar 2024
REP071,Lakshit Madan,East,DataSync,45,908910,373034,337800.0,8,3,2024,0.9055,0.1,33780.0,False,0.0,75742.5,109522.5,109522.5,90.6,Mar 2024
REP072,Riya Dugal,West,SecureAPI,47,1142683,518160,371300.0,6,3,2024,0.7166,0.05,18565.0,False,0.0,95223.58,113788.58,113788.58,71.7,Mar 2024
REP073,Oorja Sachar,South,DataSync,6,1097235,330236,331300.0,6,3,2024,1.0032,0.15,49695.0,False,0.0,91436.25,141131.25,141131.25,100.3,Mar 2024
REP074,Advika Yogi,South,SecureAPI,25,1023903,502198,291200.0,5,3,2024,0.5799,0.05,14560.0,False,0.0,85325.25,99885.25,99885.25,58.0,Mar 2024
REP075,Fateh Dasgupta,South,DataSync,7,1028361,328417,335000.0,8,3,2024,1.02,0.15,50250.0,False,0.0,85696.75,135946.75,135946.75,102.0,Mar 2024
REP076,Chirag Gara,North,CloudCore,43,1162479,628796,677400.0,9,3,2024,1.0773,0.15,101610.0,False,0.0,96873.25,198483.25,198483.25,107.7,Mar 2024
REP077,Khushi Malhotra,West,SecureAPI,17,1386265,450976,334800.0,4,3,2024,0.7424,0.05,16740.0,False,0.0,115522.08,132262.08,132262.08,74.2,Mar 2024
REP078,Khushi Choudhary,West,SecureAPI,35,1049312,361635,257400.0,6,3,2024,0.7118,0.05,12870.0,False,0.0,87442.67,100312.67,100312.67,71.2,Mar 2024
REP079,Devansh Sathe,West,DataSync,69,851773,542633,313800.0,3,3,2024,0.5783,0.05,15690.0,False,0.0,70981.08,86671.08,86671.08,57.8,Mar 2024
REP080,Manikya Bandi,East,SecureAPI,28,1060110,445478,363800.0,8,3,2024,0.8167,0.1,36380.0,False,0.0,88342.5,124722.5,124722.5,81.7,Mar 2024
REP001,Anay Shanker,South,DataSync,67,937330,539239,252000.0,3,4,2024,0.4673,0.0,0.0,False,0.0,78110.83,78110.83,78110.83,46.7,Apr 2024
REP002,Nirvaan Choudhury,West,DataSync,67,1162942,459637,473600.0,10,4,2024,1.0304,0.15,71040.0,True,23680.0,96911.83,191631.83,191631.83,103.0,Apr 2024
REP003,Sara Behl,West,CloudCore,23,1242077,682789,733300.0,10,4,2024,1.074,0.15,109995.0,True,36665.0,103506.42,250166.42,250166.42,107.4,Apr 2024
REP004,Kiara Kakar,East,CloudCore,70,1183621,400299,274700.0,6,4,2024,0.6862,0.05,13735.0,False,0.0,98635.08,112370.08,112370.08,68.6,Apr 2024
REP005,Aniruddh Batra,East,CloudCore,5,956170,458650,325300.0,6,4,2024,0.7093,0.05,16265.0,False,0.0,79680.83,95945.83,95945.83,70.9,Apr 2024
REP006,Mehul Krishnan,West,SecureAPI,33,1172451,365184,192800.0,5,4,2024,0.528,0.05,9640.0,False,0.0,97704.25,107344.25,107344.25,52.8,Apr 2024
REP007,Jhanvi Chaudhary,North,SecureAPI,13,1394916,372453,292700.0,8,4,2024,0.7859,0.05,14635.0,False,0.0,116243.0,130878.0,130878.0,78.6,Apr 2024
REP008,Madhup Kapur,East,SecureAPI,11,1127831,549387,266900.0,3,4,2024,0.4858,0.0,0.0,False,0.0,93985.92,93985.92,93985.92,48.6,Apr 2024
REP009,Zoya Virk,South,DataSync,19,881869,472949,483600.0,8,4,2024,1.0225,0.15,72540.0,False,0.0,73489.08,146029.08,146029.08,102.2,Apr 2024
REP010,Tara Swaminathan,West,CloudCore,24,1426510,538966,473600.0,6,4,2024,0.8787,0.1,47360.0,False,0.0,118875.83,166235.83,166235.83,87.9,Apr 2024
REP011,Rasha Kakar,West,CloudCore,57,1486059,511043,359200.0,3,4,2024,0.7029,0.05,17960.0,False,0.0,123838.25,141798.25,141798.25,70.3,Apr 2024
REP012,Ranbir Brahmbhatt,North,DataSync,42,1010922,404593,280400.0,5,4,2024,0.693,0.05,14020.0,False,0.0,84243.5,98263.5,98263.5,69.3,Apr 2024
REP013,Tarini Ganguly,West,DataSync,59,1241559,535828,456600.0,7,4,2024,0.8521,0.1,45660.0,False,0.0,103463.25,149123.25,149123.25,85.2,Apr 2024
REP014,Divij Gupta,East,CloudCore,34,763441,517806,489300.0,6,4,2024,0.9449,0.1,48930.0,False,0.0,63620.08,112550.08,112550.08,94.5,Apr 2024
REP015,Taimur Vaidya,East,DataSync,32,711028,454256,423100.0,8,4,2024,0.9314,0.1,42310.0,False,0.0,59252.33,101562.33,101562.33,93.1,Apr 2024
REP016,Lavanya Deo,East,CloudCore,10,737220,520031,408200.0,8,4,2024,0.785,0.05,20410.0,False,0.0,61435.0,81845.0,81845.0,78.5,Apr 2024
REP017,Samiha Karpe,South,CloudCore,45,782938,437149,492900.0,11,4,2024,1.1275,0.15,73935.0,True,24645.0,65244.83,163824.83,163824.83,112.8,Apr 2024
REP018,Uthkarsh Baral,North,SecureAPI,65,1092004,406160,309200.0,7,4,2024,0.7613,0.05,15460.0,False,0.0,91000.33,106460.33,106460.33,76.1,Apr 2024
REP019,Mishti Ranganathan,North,DataSync,63,1398782,363700,321100.0,7,4,2024,0.8829,0.1,32110.0,False,0.0,116565.17,148675.17,148675.17,88.3,Apr 2024
REP020,Kashvi Char,South,SecureAPI,27,1176833,374726,252700.0,3,4,2024,0.6744,0.05,12635.0,False,0.0,98069.42,110704.42,110704.42,67.4,Apr 2024
REP021,Azad Sahota,East,SecureAPI,48,925994,461038,448700.0,8,4,2024,0.9732,0.1,44870.0,False,0.0,77166.17,122036.17,122036.17,97.3,Apr 2024
REP022,Trisha Dhillon,South,CloudCore,15,806802,431778,358300.0,6,4,2024,0.8298,0.1,35830.0,False,0.0,67233.5,103063.5,103063.5,83.0,Apr 2024
REP023,Mehul Verma,East,CloudCore,16,877892,530367,261900.0,2,4,2024,0.4938,0.0,0.0,False,0.0,73157.67,73157.67,73157.67,49.4,Apr 2024
REP024,Vaibhav Dewan,West,CloudCore,60,1412336,473495,457500.0,8,4,2024,0.9662,0.1,45750.0,False,0.0,117694.67,163444.67,163444.67,96.6,Apr 2024
REP025,Myra Tiwari,West,SecureAPI,62,1142075,415485,336300.0,5,4,2024,0.8094,0.1,33630.0,False,0.0,95172.92,128802.92,128802.92,80.9,Apr 2024
REP026,Ishaan Goyal,North,DataSync,59,879046,511818,208500.0,3,4,2024,0.4074,0.0,0.0,False,0.0,73253.83,73253.83,73253.83,40.7,Apr 2024
REP027,Lakshay Sampath,West,DataSync,15,1427057,313261,246700.0,6,4,2024,0.7875,0.05,12335.0,False,0.0,118921.42,131256.42,131256.42,78.8,Apr 2024
REP028,Rati Sanghvi,West,CloudCore,4,1416847,448896,307500.0,5,4,2024,0.685,0.05,15375.0,False,0.0,118070.58,133445.58,133445.58,68.5,Apr 2024
REP029,Mahika Ravi,South,DataSync,24,997861,406539,208900.0,4,4,2024,0.5138,0.05,10445.0,False,0.0,83155.08,93600.08,93600.08,51.4,Apr 2024
REP030,Hazel Sethi,South,SecureAPI,54,974130,586569,498500.0,8,4,2024,0.8499,0.1,49850.0,False,0.0,81177.5,131027.5,131027.5,85.0,Apr 2024
REP031,Ishaan Kashyap,North,CloudCore,3,1197382,604693,689300.0,9,4,2024,1.1399,0.15,103395.0,True,34465.0,99781.83,237641.83,237641.83,114.0,Apr 2024
REP032,Purab Reddy,West,SecureAPI,39,1327110,460888,315400.0,7,4,2024,0.6843,0.05,15770.0,False,0.0,110592.5,126362.5,126362.5,68.4,Apr 2024
REP033,Piya Gaba,South,DataSync,22,1260311,349780,335400.0,5,4,2024,0.9589,0.1,33540.0,False,0.0,105025.92,138565.92,138565.92,95.9,Apr 2024
REP034,Manikya Tara,East,CloudCore,72,730662,431959,361600.0,8,4,2024,0.8371,0.1,36160.0,False,0.0,60888.5,97048.5,97048.5,83.7,Apr 2024
REP035,Zara Dugar,North,SecureAPI,9,859942,503138,222600.0,2,4,2024,0.4424,0.0,0.0,False,0.0,71661.83,71661.83,71661.83,44.2,Apr 2024
REP036,Priyansh Bali,North,CloudCore,23,1356926,429821,380300.0,5,4,2024,0.8848,0.1,38030.0,False,0.0,113077.17,151107.17,151107.17,88.5,Apr 2024
REP037,Jiya Vora,East,SecureAPI,26,742001,367962,220100.0,3,4,2024,0.5982,0.05,11005.0,False,0.0,61833.42,72838.42,72838.42,59.8,Apr 2024
REP038,Lakshit Sagar,North,CloudCore,54,1046629,462855,357600.0,7,4,2024,0.7726,0.05,17880.0,False,0.0,87219.08,105099.08,105099.08,77.3,Apr 2024
REP039,Vivaan Wagle,North,SecureAPI,34,1397347,501760,291600.0,5,4,2024,0.5812,0.05,14580.0,False,0.0,116445.58,131025.58,131025.58,58.1,Apr 2024
REP040,Hridaan Deo,South,SecureAPI,56,835965,522326,415400.0,8,4,2024,0.7953,0.05,20770.0,False,0.0,69663.75,90433.75,90433.75,79.5,Apr 2024
REP041,Nishith Sharma,East,SecureAPI,43,974088,595027,504600.0,5,4,2024,0.848,0.1,50460.0,False,0.0,81174.0,131634.0,131634.0,84.8,Apr 2024
REP042,Siya Master,North,DataSync,33,1129445,369629,334900.0,8,4,2024,0.906,0.1,33490.0,False,0.0,94120.42,127610.42,127610.42,90.6,Apr 2024
REP043,Keya Iyengar,South,CloudCore,61,1064569,565767,567700.0,9,4,2024,1.0034,0.15,85155.0,False,0.0,88714.08,173869.08,173869.08,100.3,Apr 2024
REP044,Madhup Biswas,South,DataSync,4,826066,420136,171700.0,4,4,2024,0.4087,0.0,0.0,False,0.0,68838.83,68838.83,68838.83,40.9,Apr 2024
REP045,Divij Shroff,North,DataSync,15,1390341,319204,338800.0,6,4,2024,1.0614,0.15,50820.0,True,16940.0,115861.75,183621.75,183621.75,106.1,Apr 2024
REP046,Faiyaz Bose,South,SecureAPI,36,1280458,384722,242300.0,3,4,2024,0.6298,0.05,12115.0,False,0.0,106704.83,118819.83,118819.83,63.0,Apr 2024
REP047,Vritika Sangha,East,SecureAPI,11,1161826,580495,320400.0,4,4,2024,0.5519,0.05,16020.0,False,0.0,96818.83,112838.83,112838.83,55.2,Apr 2024
REP048,Kimaya Balay,East,CloudCore,23,849415,629734,565600.0,6,4,2024,0.8982,0.1,56560.0,False,0.0,70784.58,127344.58,127344.58,89.8,Apr 2024
REP049,Vaibhav Raju,East,DataSync,41,1068857,460347,280400.0,5,4,2024,0.6091,0.05,14020.0,False,0.0,89071.42,103091.42,103091.42,60.9,Apr 2024
REP050,Eva Dass,North,DataSync,4,1354634,475076,232700.0,2,4,2024,0.4898,0.0,0.0,False,0.0,112886.17,112886.17,112886.17,49.0,Apr 2024
REP051,Pihu Sen,North,CloudCore,16,1113921,470407,256100.0,4,4,2024,0.5444,0.05,12805.0,False,0.0,92826.75,105631.75,105631.75,54.4,Apr 2024
REP052,Pihu Wali,West,CloudCore,22,962235,542788,425500.0,8,4,2024,0.7839,0.05,21275.0,False,0.0,80186.25,101461.25,101461.25,78.4,Apr 2024
REP053,Tiya Rege,East,DataSync,46,810430,353371,273400.0,6,4,2024,0.7737,0.05,13670.0,False,0.0,67535.83,81205.83,81205.83,77.4,Apr 2024
REP054,Faiyaz Din,South,DataSync,67,1026807,428065,396300.0,8,4,2024,0.9258,0.1,39630.0,False,0.0,85567.25,125197.25,125197.25,92.6,Apr 2024
REP055,Indranil Karan,West,CloudCore,14,903266,622075,543500.0,8,4,2024,0.8737,0.1,54350.0,False,0.0,75272.17,129622.17,129622.17,87.4,Apr 2024
REP056,Saira Vora,West,DataSync,3,896228,387439,186200.0,5,4,2024,0.4806,0.0,0.0,False,0.0,74685.67,74685.67,74685.67,48.1,Apr 2024
REP057,Damini Singh,East,DataSync,36,1034030,342357,236500.0,5,4,2024,0.6908,0.05,11825.0,False,0.0,86169.17,97994.17,97994.17,69.1,Apr 2024
REP058,Dishani Bera,East,SecureAPI,57,989239,497038,304500.0,5,4,2024,0.6126,0.05,15225.0,False,0.0,82436.58,97661.58,97661.58,61.3,Apr 2024
REP059,Navya Kulkarni,North,CloudCore,22,878898,686046,751600.0,10,4,2024,1.0956,0.15,112740.0,True,37580.0,73241.5,223561.5,223561.5,109.6,Apr 2024
REP060,Indrans Grover,South,SecureAPI,21,1137151,462666,500900.0,8,4,2024,1.0826,0.15,75135.0,True,25045.0,94762.58,194942.58,194942.58,108.3,Apr 2024
REP061,Hrishita Sood,South,CloudCore,49,1073232,420916,412500.0,7,4,2024,0.98,0.1,41250.0,False,0.0,89436.0,130686.0,130686.0,98.0,Apr 2024
REP062,Kismat Edwin,North,CloudCore,34,1020281,453893,226100.0,4,4,2024,0.4981,0.0,0.0,False,0.0,85023.42,85023.42,85023.42,49.8,Apr 2024
REP063,Advik Bhalla,South,DataSync,22,1176117,542683,496500.0,7,4,2024,0.9149,0.1,49650.0,False,0.0,98009.75,147659.75,147659.75,91.5,Apr 2024
REP064,Zara Dube,North,CloudCore,25,970395,616161,402100.0,5,4,2024,0.6526,0.05,20105.0,False,0.0,80866.25,100971.25,100971.25,65.3,Apr 2024
REP065,Bhavin Dara,North,SecureAPI,55,1148321,560301,581000.0,8,4,2024,1.0369,0.15,87150.0,True,29050.0,95693.42,211893.42,211893.42,103.7,Apr 2024
REP066,Dharmajan Setty,South,SecureAPI,37,1010222,391732,332300.0,5,4,2024,0.8483,0.1,33230.0,False,0.0,84185.17,117415.17,117415.17,84.8,Apr 2024
REP067,Darshit Sidhu,West,CloudCore,51,963346,420302,311300.0,3,4,2024,0.7407,0.05,15565.0,False,0.0,80278.83,95843.83,95843.83,74.1,Apr 2024
REP068,Gokul Sahni,West,DataSync,28,1083238,514063,253900.0,2,4,2024,0.4939,0.0,0.0,False,0.0,90269.83,90269.83,90269.83,49.4,Apr 2024
REP069,Ira Butala,East,DataSync,42,883321,515098,331800.0,5,4,2024,0.6441,0.05,16590.0,False,0.0,73610.08,90200.08,90200.08,64.4,Apr 2024
REP070,Eva Viswanathan,North,SecureAPI,31,1038651,356203,194200.0,2,4,2024,0.5452,0.05,9710.0,False,0.0,86554.25,96264.25,96264.25,54.5,Apr 2024
REP071,Lakshit Madan,East,DataSync,45,908910,373034,303300.0,8,4,2024,0.8131,0.1,30330.0,False,0.0,75742.5,106072.5,106072.5,81.3,Apr 2024
REP072,Riya Dugal,West,SecureAPI,47,1142683,518160,371500.0,4,4,2024,0.717,0.05,18575.0,False,0.0,95223.58,113798.58,113798.58,71.7,Apr 2024
REP073,Oorja Sachar,South,DataSync,6,1097235,330236,304900.0,6,4,2024,0.9233,0.1,30490.0,False,0.0,91436.25,121926.25,121926.25,92.3,Apr 2024
REP074,Advika Yogi,South,SecureAPI,25,1023903,502198,341200.0,4,4,2024,0.6794,0.05,17060.0,False,0.0,85325.25,102385.25,102385.25,67.9,Apr 2024
REP075,Fateh Dasgupta,South,DataSync,7,1028361,328417,244400.0,6,4,2024,0.7442,0.05,12220.0,False,0.0,85696.75,97916.75,97916.75,74.4,Apr 2024
REP076,Chirag Gara,North,CloudCore,43,1162479,628796,527100.0,6,4,2024,0.8383,0.1,52710.0,False,0.0,96873.25,149583.25,149583.25,83.8,Apr 2024
REP077,Khushi Malhotra,West,SecureAPI,17,1386265,450976,409500.0,9,4,2024,0.908,0.1,40950.0,False,0.0,115522.08,156472.08,156472.08,90.8,Apr 2024
REP078,Khushi Choudhary,West,SecureAPI,35,1049312,361635,192000.0,6,4,2024,0.5309,0.05,9600.0,False,0.0,87442.67,97042.67,97042.67,53.1,Apr 2024
REP079,Devansh Sathe,West,DataSync,69,851773,542633,333600.0,6,4,2024,0.6148,0.05,16680.0,False,0.0,70981.08,87661.08,87661.08,61.5,Apr 2024
REP080,Manikya Bandi,East,SecureAPI,28,1060110,445478,247200.0,4,4,2024,0.5549,0.05,12360.0,False,0.0,88342.5,100702.5,100702.5,55.5,Apr 2024
REP001,Anay Shanker,South,DataSync,67,937330,539239,329700.0,2,5,2024,0.6114,0.05,16485.0,False,0.0,78110.83,94595.83,94595.83,61.1,May 2024
REP002,Nirvaan Choudhury,West,DataSync,67,1162942,459637,519100.0,8,5,2024,1.1294,0.15,77865.0,True,25955.0,96911.83,200731.83,200731.83,112.9,May 2024
REP003,Sara Behl,West,CloudCore,23,1242077,682789,700100.0,8,5,2024,1.0254,0.15,105015.0,False,0.0,103506.42,208521.42,208521.42,102.5,May 2024
REP004,Kiara Kakar,East,CloudCore,70,1183621,400299,355000.0,6,5,2024,0.8868,0.1,35500.0,False,0.0,98635.08,134135.08,134135.08,88.7,May 2024
REP005,Aniruddh Batra,East,CloudCore,5,956170,458650,349900.0,6,5,2024,0.7629,0.05,17495.0,False,0.0,79680.83,97175.83,97175.83,76.3,May 2024
REP006,Mehul Krishnan,West,SecureAPI,33,1172451,365184,157200.0,2,5,2024,0.4305,0.0,0.0,False,0.0,97704.25,97704.25,97704.25,43.0,May 2024
REP007,Jhanvi Chaudhary,North,SecureAPI,13,1394916,372453,373100.0,8,5,2024,1.0017,0.15,55965.0,False,0.0,116243.0,172208.0,172208.0,100.2,May 2024
REP008,Madhup Kapur,East,SecureAPI,11,1127831,549387,388600.0,3,5,2024,0.7073,0.05,19430.0,False,0.0,93985.92,113415.92,113415.92,70.7,May 2024
REP009,Zoya Virk,South,DataSync,19,881869,472949,445900.0,9,5,2024,0.9428,0.1,44590.0,False,0.0,73489.08,118079.08,118079.08,94.3,May 2024
REP010,Tara Swaminathan,West,CloudCore,24,1426510,538966,508400.0,6,5,2024,0.9433,0.1,50840.0,False,0.0,118875.83,169715.83,169715.83,94.3,May 2024
REP011,Rasha Kakar,West,CloudCore,57,1486059,511043,446000.0,6,5,2024,0.8727,0.1,44600.0,False,0.0,123838.25,168438.25,168438.25,87.3,May 2024
REP012,Ranbir Brahmbhatt,North,DataSync,42,1010922,404593,191800.0,1,5,2024,0.4741,0.0,0.0,False,0.0,84243.5,84243.5,84243.5,47.4,May 2024
REP013,Tarini Ganguly,West,DataSync,59,1241559,535828,326000.0,2,5,2024,0.6084,0.05,16300.0,False,0.0,103463.25,119763.25,119763.25,60.8,May 2024
REP014,Divij Gupta,East,CloudCore,34,763441,517806,413900.0,8,5,2024,0.7993,0.05,20695.0,False,0.0,63620.08,84315.08,84315.08,79.9,May 2024
REP015,Taimur Vaidya,East,DataSync,32,711028,454256,525700.0,9,5,2024,1.1573,0.15,78855.0,True,26285.0,59252.33,164392.33,164392.33,115.7,May 2024
REP016,Lavanya Deo,East,CloudCore,10,737220,520031,446100.0,5,5,2024,0.8578,0.1,44610.0,False,0.0,61435.0,106045.0,106045.0,85.8,May 2024
REP017,Samiha Karpe,South,CloudCore,45,782938,437149,448000.0,9,5,2024,1.0248,0.15,67200.0,False,0.0,65244.83,132444.83,132444.83,102.5,May 2024
REP018,Uthkarsh Baral,North,SecureAPI,65,1092004,406160,340600.0,4,5,2024,0.8386,0.1,34060.0,False,0.0,91000.33,125060.33,125060.33,83.9,May 2024
REP019,Mishti Ranganathan,North,DataSync,63,1398782,363700,334500.0,5,5,2024,0.9197,0.1,33450.0,False,0.0,116565.17,150015.17,150015.17,92.0,May 2024
REP020,Kashvi Char,South,SecureAPI,27,1176833,374726,194900.0,6,5,2024,0.5201,0.05,9745.0,False,0.0,98069.42,107814.42,107814.42,52.0,May 2024
REP021,Azad Sahota,East,SecureAPI,48,925994,461038,472600.0,8,5,2024,1.0251,0.15,70890.0,False,0.0,77166.17,148056.17,148056.17,102.5,May 2024
REP022,Trisha Dhillon,South,CloudCore,15,806802,431778,389000.0,8,5,2024,0.9009,0.1,38900.0,False,0.0,67233.5,106133.5,106133.5,90.1,May 2024
REP023,Mehul Verma,East,CloudCore,16,877892,530367,477900.0,8,5,2024,0.9011,0.1,47790.0,False,0.0,73157.67,120947.67,120947.67,90.1,May 2024
REP024,Vaibhav Dewan,West,CloudCore,60,1412336,473495,496400.0,9,5,2024,1.0484,0.15,74460.0,True,24820.0,117694.67,216974.67,216974.67,104.8,May 2024
REP025,Myra Tiwari,West,SecureAPI,62,1142075,415485,341500.0,6,5,2024,0.8219,0.1,34150.0,False,0.0,95172.92,129322.92,129322.92,82.2,May 2024
REP026,Ishaan Goyal,North,DataSync,59,879046,511818,322500.0,4,5,2024,0.6301,0.05,16125.0,False,0.0,73253.83,89378.83,89378.83,63.0,May 2024
REP027,Lakshay Sampath,West,DataSync,15,1427057,313261,124700.0,1,5,2024,0.3981,0.0,0.0,False,0.0,118921.42,118921.42,118921.42,39.8,May 2024
REP028,Rati Sanghvi,West,CloudCore,4,1416847,448896,322600.0,5,5,2024,0.7187,0.05,16130.0,False,0.0,118070.58,134200.58,134200.58,71.9,May 2024
REP029,Mahika Ravi,South,DataSync,24,997861,406539,202800.0,4,5,2024,0.4988,0.0,0.0,False,0.0,83155.08,83155.08,83155.08,49.9,May 2024
REP030,Hazel Sethi,South,SecureAPI,54,974130,586569,498800.0,4,5,2024,0.8504,0.1,49880.0,False,0.0,81177.5,131057.5,131057.5,85.0,May 2024
REP031,Ishaan Kashyap,North,CloudCore,3,1197382,604693,670300.0,6,5,2024,1.1085,0.15,100545.0,True,33515.0,99781.83,233841.83,233841.83,110.8,May 2024
REP032,Purab Reddy,West,SecureAPI,39,1327110,460888,477900.0,9,5,2024,1.0369,0.15,71685.0,True,23895.0,110592.5,206172.5,206172.5,103.7,May 2024
REP033,Piya Gaba,South,DataSync,22,1260311,349780,338800.0,8,5,2024,0.9686,0.1,33880.0,False,0.0,105025.92,138905.92,138905.92,96.9,May 2024
REP034,Manikya Tara,East,CloudCore,72,730662,431959,369900.0,4,5,2024,0.8563,0.1,36990.0,False,0.0,60888.5,97878.5,97878.5,85.6,May 2024
REP035,Zara Dugar,North,SecureAPI,9,859942,503138,299600.0,6,5,2024,0.5955,0.05,14980.0,False,0.0,71661.83,86641.83,86641.83,59.6,May 2024
REP036,Priyansh Bali,North,CloudCore,23,1356926,429821,328100.0,4,5,2024,0.7633,0.05,16405.0,False,0.0,113077.17,129482.17,129482.17,76.3,May 2024
REP037,Jiya Vora,East,SecureAPI,26,742001,367962,219100.0,3,5,2024,0.5954,0.05,10955.0,False,0.0,61833.42,72788.42,72788.42,59.5,May 2024
REP038,Lakshit Sagar,North,CloudCore,54,1046629,462855,389800.0,5,5,2024,0.8422,0.1,38980.0,False,0.0,87219.08,126199.08,126199.08,84.2,May 2024
REP039,Vivaan Wagle,North,SecureAPI,34,1397347,501760,322400.0,7,5,2024,0.6425,0.05,16120.0,False,0.0,116445.58,132565.58,132565.58,64.2,May 2024
REP040,Hridaan Deo,South,SecureAPI,56,835965,522326,408800.0,6,5,2024,0.7827,0.05,20440.0,False,0.0,69663.75,90103.75,90103.75,78.3,May 2024
REP041,Nishith Sharma,East,SecureAPI,43,974088,595027,554200.0,5,5,2024,0.9314,0.1,55420.0,False,0.0,81174.0,136594.0,136594.0,93.1,May 2024
REP042,Siya Master,North,DataSync,33,1129445,369629,385600.0,7,5,2024,1.0432,0.15,57840.0,True,19280.0,94120.42,171240.42,171240.42,104.3,May 2024
REP043,Keya Iyengar,South,CloudCore,61,1064569,565767,487700.0,4,5,2024,0.862,0.1,48770.0,False,0.0,88714.08,137484.08,137484.08,86.2,May 2024
REP044,Madhup Biswas,South,DataSync,4,826066,420136,274500.0,7,5,2024,0.6534,0.05,13725.0,False,0.0,68838.83,82563.83,82563.83,65.3,May 2024
REP045,Divij Shroff,North,DataSync,15,1390341,319204,303300.0,8,5,2024,0.9502,0.1,30330.0,False,0.0,115861.75,146191.75,146191.75,95.0,May 2024
REP046,Faiyaz Bose,South,SecureAPI,36,1280458,384722,319200.0,8,5,2024,0.8297,0.1,31920.0,False,0.0,106704.83,138624.83,138624.83,83.0,May 2024
REP047,Vritika Sangha,East,SecureAPI,11,1161826,580495,365100.0,7,5,2024,0.6289,0.05,18255.0,False,0.0,96818.83,115073.83,115073.83,62.9,May 2024
REP048,Kimaya Balay,East,CloudCore,23,849415,629734,551300.0,9,5,2024,0.8754,0.1,55130.0,False,0.0,70784.58,125914.58,125914.58,87.5,May 2024
REP049,Vaibhav Raju,East,DataSync,41,1068857,460347,281500.0,3,5,2024,0.6115,0.05,14075.0,False,0.0,89071.42,103146.42,103146.42,61.2,May 2024
REP050,Eva Dass,North,DataSync,4,1354634,475076,233400.0,5,5,2024,0.4913,0.0,0.0,False,0.0,112886.17,112886.17,112886.17,49.1,May 2024
REP051,Pihu Sen,North,CloudCore,16,1113921,470407,282900.0,5,5,2024,0.6014,0.05,14145.0,False,0.0,92826.75,106971.75,106971.75,60.1,May 2024
REP052,Pihu Wali,West,CloudCore,22,962235,542788,504200.0,8,5,2024,0.9289,0.1,50420.0,False,0.0,80186.25,130606.25,130606.25,92.9,May 2024
REP053,Tiya Rege,East,DataSync,46,810430,353371,365500.0,9,5,2024,1.0343,0.15,54825.0,False,0.0,67535.83,122360.83,122360.83,103.4,May 2024
REP054,Faiyaz Din,South,DataSync,67,1026807,428065,419500.0,7,5,2024,0.98,0.1,41950.0,False,0.0,85567.25,127517.25,127517.25,98.0,May 2024
REP055,Indranil Karan,West,CloudCore,14,903266,622075,691600.0,10,5,2024,1.1118,0.15,103740.0,True,34580.0,75272.17,213592.17,213592.17,111.2,May 2024
REP056,Saira Vora,West,DataSync,3,896228,387439,190700.0,4,5,2024,0.4922,0.0,0.0,False,0.0,74685.67,74685.67,74685.67,49.2,May 2024
REP057,Damini Singh,East,DataSync,36,1034030,342357,245900.0,5,5,2024,0.7183,0.05,12295.0,False,0.0,86169.17,98464.17,98464.17,71.8,May 2024
REP058,Dishani Bera,East,SecureAPI,57,989239,497038,309800.0,6,5,2024,0.6233,0.05,15490.0,False,0.0,82436.58,97926.58,97926.58,62.3,May 2024
REP059,Navya Kulkarni,North,CloudCore,22,878898,686046,855300.0,11,5,2024,1.2467,0.2,171060.0,True,42765.0,73241.5,287066.5,287066.5,124.7,May 2024
REP060,Indrans Grover,South,SecureAPI,21,1137151,462666,474700.0,6,5,2024,1.026,0.15,71205.0,False,0.0,94762.58,165967.58,165967.58,102.6,May 2024
REP061,Hrishita Sood,South,CloudCore,49,1073232,420916,430900.0,10,5,2024,1.0237,0.15,64635.0,False,0.0,89436.0,154071.0,154071.0,102.4,May 2024
REP062,Kismat Edwin,North,CloudCore,34,1020281,453893,233900.0,2,5,2024,0.5153,0.05,11695.0,False,0.0,85023.42,96718.42,96718.42,51.5,May 2024
REP063,Advik Bhalla,South,DataSync,22,1176117,542683,347100.0,4,5,2024,0.6396,0.05,17355.0,False,0.0,98009.75,115364.75,115364.75,64.0,May 2024
REP064,Zara Dube,North,CloudCore,25,970395,616161,323800.0,3,5,2024,0.5255,0.05,16190.0,False,0.0,80866.25,97056.25,97056.25,52.6,May 2024
REP065,Bhavin Dara,North,SecureAPI,55,1148321,560301,577000.0,8,5,2024,1.0298,0.15,86550.0,False,0.0,95693.42,182243.42,182243.42,103.0,May 2024
REP066,Dharmajan Setty,South,SecureAPI,37,1010222,391732,348900.0,5,5,2024,0.8907,0.1,34890.0,False,0.0,84185.17,119075.17,119075.17,89.1,May 2024
REP067,Darshit Sidhu,West,CloudCore,51,963346,420302,271200.0,4,5,2024,0.6453,0.05,13560.0,False,0.0,80278.83,93838.83,93838.83,64.5,May 2024
REP068,Gokul Sahni,West,DataSync,28,1083238,514063,440500.0,5,5,2024,0.8569,0.1,44050.0,False,0.0,90269.83,134319.83,134319.83,85.7,May 2024
REP069,Ira Butala,East,DataSync,42,883321,515098,375600.0,4,5,2024,0.7292,0.05,18780.0,False,0.0,73610.08,92390.08,92390.08,72.9,May 2024
REP070,Eva Viswanathan,North,SecureAPI,31,1038651,356203,184700.0,6,5,2024,0.5185,0.05,9235.0,False,0.0,86554.25,95789.25,95789.25,51.8,May 2024
REP071,Lakshit Madan,East,DataSync,45,908910,373034,289000.0,4,5,2024,0.7747,0.05,14450.0,False,0.0,75742.5,90192.5,90192.5,77.5,May 2024
REP072,Riya Dugal,West,SecureAPI,47,1142683,518160,345000.0,4,5,2024,0.6658,0.05,17250.0,False,0.0,95223.58,112473.58,112473.58,66.6,May 2024
REP073,Oorja Sachar,South,DataSync,6,1097235,330236,240500.0,3,5,2024,0.7283,0.05,12025.0,False,0.0,91436.25,103461.25,103461.25,72.8,May 2024
REP074,Advika Yogi,South,SecureAPI,25,1023903,502198,427200.0,7,5,2024,0.8507,0.1,42720.0,False,0.0,85325.25,128045.25,128045.25,85.1,May 2024
REP075,Fateh Dasgupta,South,DataSync,7,1028361,328417,249800.0,7,5,2024,0.7606,0.05,12490.0,False,0.0,85696.75,98186.75,98186.75,76.1,May 2024
REP076,Chirag Gara,North,CloudCore,43,1162479,628796,517000.0,8,5,2024,0.8222,0.1,51700.0,False,0.0,96873.25,148573.25,148573.25,82.2,May 2024
REP077,Khushi Malhotra,West,SecureAPI,17,1386265,450976,308900.0,6,5,2024,0.685,0.05,15445.0,False,0.0,115522.08,130967.08,130967.08,68.5,May 2024
REP078,Khushi Choudhary,West,SecureAPI,35,1049312,361635,283800.0,6,5,2024,0.7848,0.05,14190.0,False,0.0,87442.67,101632.67,101632.67,78.5,May 2024
REP079,Devansh Sathe,West,DataSync,69,851773,542633,315900.0,2,5,2024,0.5822,0.05,15795.0,False,0.0,70981.08,86776.08,86776.08,58.2,May 2024
REP080,Manikya Bandi,East,SecureAPI,28,1060110,445478,342500.0,5,5,2024,0.7688,0.05,17125.0,False,0.0,88342.5,105467.5,105467.5,76.9,May 2024
REP001,Anay Shanker,South,DataSync,67,937330,539239,243700.0,3,6,2024,0.4519,0.0,0.0,False,0.0,78110.83,78110.83,78110.83,45.2,Jun 2024
REP002,Nirvaan Choudhury,West,DataSync,67,1162942,459637,572400.0,9,6,2024,1.2453,0.2,114480.0,False,0.0,96911.83,211391.83,211391.83,124.5,Jun 2024
REP003,Sara Behl,West,CloudCore,23,1242077,682789,886600.0,11,6,2024,1.2985,0.2,177320.0,True,44330.0,103506.42,325156.42,325156.42,129.8,Jun 2024
REP004,Kiara Kakar,East,CloudCore,70,1183621,400299,289300.0,3,6,2024,0.7227,0.05,14465.0,False,0.0,98635.08,113100.08,113100.08,72.3,Jun 2024
REP005,Aniruddh Batra,East,CloudCore,5,956170,458650,452000.0,6,6,2024,0.9855,0.1,45200.0,False,0.0,79680.83,124880.83,124880.83,98.6,Jun 2024
REP006,Mehul Krishnan,West,SecureAPI,33,1172451,365184,298600.0,6,6,2024,0.8177,0.1,29860.0,False,0.0,97704.25,127564.25,127564.25,81.8,Jun 2024
REP007,Jhanvi Chaudhary,North,SecureAPI,13,1394916,372453,336700.0,9,6,2024,0.904,0.1,33670.0,False,0.0,116243.0,149913.0,149913.0,90.4,Jun 2024
REP008,Madhup Kapur,East,SecureAPI,11,1127831,549387,379900.0,4,6,2024,0.6915,0.05,18995.0,False,0.0,93985.92,112980.92,112980.92,69.2,Jun 2024
REP009,Zoya Virk,South,DataSync,19,881869,472949,501700.0,9,6,2024,1.0608,0.15,75255.0,False,0.0,73489.08,148744.08,148744.08,106.1,Jun 2024
REP010,Tara Swaminathan,West,CloudCore,24,1426510,538966,599800.0,6,6,2024,1.1129,0.15,89970.0,False,0.0,118875.83,208845.83,208845.83,111.3,Jun 2024
REP011,Rasha Kakar,West,CloudCore,57,1486059,511043,582000.0,11,6,2024,1.1388,0.15,87300.0,False,0.0,123838.25,211138.25,211138.25,113.9,Jun 2024
REP012,Ranbir Brahmbhatt,North,DataSync,42,1010922,404593,214200.0,3,6,2024,0.5294,0.05,10710.0,False,0.0,84243.5,94953.5,94953.5,52.9,Jun 2024
REP013,Tarini Ganguly,West,DataSync,59,1241559,535828,247500.0,2,6,2024,0.4619,0.0,0.0,False,0.0,103463.25,103463.25,103463.25,46.2,Jun 2024
REP014,Divij Gupta,East,CloudCore,34,763441,517806,628400.0,9,6,2024,1.2136,0.2,125680.0,False,0.0,63620.08,189300.08,189300.08,121.4,Jun 2024
REP015,Taimur Vaidya,East,DataSync,32,711028,454256,602900.0,9,6,2024,1.3272,0.2,120580.0,True,30145.0,59252.33,209977.33,209977.33,132.7,Jun 2024
REP016,Lavanya Deo,East,CloudCore,10,737220,520031,492100.0,5,6,2024,0.9463,0.1,49210.0,False,0.0,61435.0,110645.0,110645.0,94.6,Jun 2024
REP017,Samiha Karpe,South,CloudCore,45,782938,437149,627100.0,9,6,2024,1.4345,0.2,125420.0,True,31355.0,65244.83,222019.83,222019.83,143.5,Jun 2024
REP018,Uthkarsh Baral,North,SecureAPI,65,1092004,406160,430600.0,7,6,2024,1.0602,0.15,64590.0,False,0.0,91000.33,155590.33,155590.33,106.0,Jun 2024
REP019,Mishti Ranganathan,North,DataSync,63,1398782,363700,436700.0,9,6,2024,1.2007,0.2,87340.0,False,0.0,116565.17,203905.17,203905.17,120.1,Jun 2024
REP020,Kashvi Char,South,SecureAPI,27,1176833,374726,272100.0,7,6,2024,0.7261,0.05,13605.0,False,0.0,98069.42,111674.42,111674.42,72.6,Jun 2024
REP021,Azad Sahota,East,SecureAPI,48,925994,461038,682000.0,13,6,2024,1.4793,0.2,136400.0,True,34100.0,77166.17,247666.17,247666.17,147.9,Jun 2024
REP022,Trisha Dhillon,South,CloudCore,15,806802,431778,551300.0,10,6,2024,1.2768,0.2,110260.0,True,27565.0,67233.5,205058.5,205058.5,127.7,Jun 2024
REP023,Mehul Verma,East,CloudCore,16,877892,530367,536800.0,9,6,2024,1.0121,0.15,80520.0,False,0.0,73157.67,153677.67,153677.67,101.2,Jun 2024
REP024,Vaibhav Dewan,West,CloudCore,60,1412336,473495,655100.0,9,6,2024,1.3835,0.2,131020.0,True,32755.0,117694.67,281469.67,281469.67,138.4,Jun 2024
REP025,Myra Tiwari,West,SecureAPI,62,1142075,415485,469600.0,10,6,2024,1.1302,0.15,70440.0,False,0.0,95172.92,165612.92,165612.92,113.0,Jun 2024
REP026,Ishaan Goyal,North,DataSync,59,879046,511818,481500.0,7,6,2024,0.9408,0.1,48150.0,False,0.0,73253.83,121403.83,121403.83,94.1,Jun 2024
REP027,Lakshay Sampath,West,DataSync,15,1427057,313261,174100.0,5,6,2024,0.5558,0.05,8705.0,False,0.0,118921.42,127626.42,127626.42,55.6,Jun 2024
REP028,Rati Sanghvi,West,CloudCore,4,1416847,448896,509700.0,9,6,2024,1.1355,0.15,76455.0,False,0.0,118070.58,194525.58,194525.58,113.6,Jun 2024
REP029,Mahika Ravi,South,DataSync,24,997861,406539,361700.0,9,6,2024,0.8897,0.1,36170.0,False,0.0,83155.08,119325.08,119325.08,89.0,Jun 2024
REP030,Hazel Sethi,South,SecureAPI,54,974130,586569,476800.0,8,6,2024,0.8129,0.1,47680.0,False,0.0,81177.5,128857.5,128857.5,81.3,Jun 2024
REP031,Ishaan Kashyap,North,CloudCore,3,1197382,604693,721900.0,10,6,2024,1.1938,0.15,108285.0,False,0.0,99781.83,208066.83,208066.83,119.4,Jun 2024
REP032,Purab Reddy,West,SecureAPI,39,1327110,460888,357600.0,7,6,2024,0.7759,0.05,17880.0,False,0.0,110592.5,128472.5,128472.5,77.6,Jun 2024
REP033,Piya Gaba,South,DataSync,22,1260311,349780,353100.0,6,6,2024,1.0095,0.15,52965.0,False,0.0,105025.92,157990.92,157990.92,101.0,Jun 2024
REP034,Manikya Tara,East,CloudCore,72,730662,431959,492300.0,11,6,2024,1.1397,0.15,73845.0,False,0.0,60888.5,134733.5,134733.5,114.0,Jun 2024
REP035,Zara Dugar,North,SecureAPI,9,859942,503138,484500.0,5,6,2024,0.963,0.1,48450.0,False,0.0,71661.83,120111.83,120111.83,96.3,Jun 2024
REP036,Priyansh Bali,North,CloudCore,23,1356926,429821,453400.0,9,6,2024,1.0549,0.15,68010.0,False,0.0,113077.17,181087.17,181087.17,105.5,Jun 2024
REP037,Jiya Vora,East,SecureAPI,26,742001,367962,362000.0,7,6,2024,0.9838,0.1,36200.0,False,0.0,61833.42,98033.42,98033.42,98.4,Jun 2024
REP038,Lakshit Sagar,North,CloudCore,54,1046629,462855,399400.0,8,6,2024,0.8629,0.1,39940.0,False,0.0,87219.08,127159.08,127159.08,86.3,Jun 2024
REP039,Vivaan Wagle,North,SecureAPI,34,1397347,501760,217700.0,3,6,2024,0.4339,0.0,0.0,False,0.0,116445.58,116445.58,116445.58,43.4,Jun 2024
REP040,Hridaan Deo,South,SecureAPI,56,835965,522326,542000.0,6,6,2024,1.0377,0.15,81300.0,False,0.0,69663.75,150963.75,150963.75,103.8,Jun 2024
REP041,Nishith Sharma,East,SecureAPI,43,974088,595027,652000.0,6,6,2024,1.0957,0.15,97800.0,False,0.0,81174.0,178974.0,178974.0,109.6,Jun 2024
REP042,Siya Master,North,DataSync,33,1129445,369629,384700.0,7,6,2024,1.0408,0.15,57705.0,False,0.0,94120.42,151825.42,151825.42,104.1,Jun 2024
REP043,Keya Iyengar,South,CloudCore,61,1064569,565767,436800.0,8,6,2024,0.772,0.05,21840.0,False,0.0,88714.08,110554.08,110554.08,77.2,Jun 2024
REP044,Madhup Biswas,South,DataSync,4,826066,420136,294200.0,7,6,2024,0.7002,0.05,14710.0,False,0.0,68838.83,83548.83,83548.83,70.0,Jun 2024
REP045,Divij Shroff,North,DataSync,15,1390341,319204,278600.0,4,6,2024,0.8728,0.1,27860.0,False,0.0,115861.75,143721.75,143721.75,87.3,Jun 2024
REP046,Faiyaz Bose,South,SecureAPI,36,1280458,384722,436000.0,9,6,2024,1.1333,0.15,65400.0,False,0.0,106704.83,172104.83,172104.83,113.3,Jun 2024
REP047,Vritika Sangha,East,SecureAPI,11,1161826,580495,450200.0,8,6,2024,0.7755,0.05,22510.0,False,0.0,96818.83,119328.83,119328.83,77.6,Jun 2024
REP048,Kimaya Balay,East,CloudCore,23,849415,629734,579900.0,5,6,2024,0.9209,0.1,57990.0,False,0.0,70784.58,128774.58,128774.58,92.1,Jun 2024
REP049,Vaibhav Raju,East,DataSync,41,1068857,460347,290100.0,4,6,2024,0.6302,0.05,14505.0,False,0.0,89071.42,103576.42,103576.42,63.0,Jun 2024
REP050,Eva Dass,North,DataSync,4,1354634,475076,256700.0,5,6,2024,0.5403,0.05,12835.0,False,0.0,112886.17,125721.17,125721.17,54.0,Jun 2024
REP051,Pihu Sen,North,CloudCore,16,1113921,470407,331500.0,7,6,2024,0.7047,0.05,16575.0,False,0.0,92826.75,109401.75,109401.75,70.5,Jun 2024
REP052,Pihu Wali,West,CloudCore,22,962235,542788,635600.0,10,6,2024,1.171,0.15,95340.0,False,0.0,80186.25,175526.25,175526.25,117.1,Jun 2024
REP053,Tiya Rege,East,DataSync,46,810430,353371,323300.0,7,6,2024,0.9149,0.1,32330.0,False,0.0,67535.83,99865.83,99865.83,91.5,Jun 2024
REP054,Faiyaz Din,South,DataSync,67,1026807,428065,475800.0,7,6,2024,1.1115,0.15,71370.0,False,0.0,85567.25,156937.25,156937.25,111.2,Jun 2024
REP055,Indranil Karan,West,CloudCore,14,903266,622075,606500.0,9,6,2024,0.975,0.1,60650.0,False,0.0,75272.17,135922.17,135922.17,97.5,Jun 2024
REP056,Saira Vora,West,DataSync,3,896228,387439,226300.0,5,6,2024,0.5841,0.05,11315.0,False,0.0,74685.67,86000.67,86000.67,58.4,Jun 2024
REP057,Damini Singh,East,DataSync,36,1034030,342357,238700.0,6,6,2024,0.6972,0.05,11935.0,False,0.0,86169.17,98104.17,98104.17,69.7,Jun 2024
REP058,Dishani Bera,East,SecureAPI,57,989239,497038,270500.0,2,6,2024,0.5442,0.05,13525.0,False,0.0,82436.58,95961.58,95961.58,54.4,Jun 2024
REP059,Navya Kulkarni,North,CloudCore,22,878898,686046,857100.0,10,6,2024,1.2493,0.2,171420.0,False,0.0,73241.5,244661.5,244661.5,124.9,Jun 2024
REP060,Indrans Grover,South,SecureAPI,21,1137151,462666,551800.0,9,6,2024,1.1927,0.15,82770.0,False,0.0,94762.58,177532.58,177532.58,119.3,Jun 2024
REP061,Hrishita Sood,South,CloudCore,49,1073232,420916,619100.0,12,6,2024,1.4708,0.2,123820.0,True,30955.0,89436.0,244211.0,244211.0,147.1,Jun 2024
REP062,Kismat Edwin,North,CloudCore,34,1020281,453893,327200.0,5,6,2024,0.7209,0.05,16360.0,False,0.0,85023.42,101383.42,101383.42,72.1,Jun 2024
REP063,Advik Bhalla,South,DataSync,22,1176117,542683,517000.0,7,6,2024,0.9527,0.1,51700.0,False,0.0,98009.75,149709.75,149709.75,95.3,Jun 2024
REP064,Zara Dube,North,CloudCore,25,970395,616161,462300.0,4,6,2024,0.7503,0.05,23115.0,False,0.0,80866.25,103981.25,103981.25,75.0,Jun 2024
REP065,Bhavin Dara,North,SecureAPI,55,1148321,560301,721700.0,9,6,2024,1.2881,0.2,144340.0,True,36085.0,95693.42,276118.42,276118.42,128.8,Jun 2024
REP066,Dharmajan Setty,South,SecureAPI,37,1010222,391732,397900.0,8,6,2024,1.0157,0.15,59685.0,False,0.0,84185.17,143870.17,143870.17,101.6,Jun 2024
REP067,Darshit Sidhu,West,CloudCore,51,963346,420302,343100.0,7,6,2024,0.8163,0.1,34310.0,False,0.0,80278.83,114588.83,114588.83,81.6,Jun 2024
REP068,Gokul Sahni,West,DataSync,28,1083238,514063,431800.0,7,6,2024,0.84,0.1,43180.0,False,0.0,90269.83,133449.83,133449.83,84.0,Jun 2024
REP069,Ira Butala,East,DataSync,42,883321,515098,323200.0,5,6,2024,0.6275,0.05,16160.0,False,0.0,73610.08,89770.08,89770.08,62.7,Jun 2024
REP070,Eva Viswanathan,North,SecureAPI,31,1038651,356203,220800.0,5,6,2024,0.6199,0.05,11040.0,False,0.0,86554.25,97594.25,97594.25,62.0,Jun 2024
REP071,Lakshit Madan,East,DataSync,45,908910,373034,376300.0,10,6,2024,1.0088,0.15,56445.0,False,0.0,75742.5,132187.5,132187.5,100.9,Jun 2024
REP072,Riya Dugal,West,SecureAPI,47,1142683,518160,173700.0,1,6,2024,0.3352,0.0,0.0,False,0.0,95223.58,95223.58,95223.58,33.5,Jun 2024
REP073,Oorja Sachar,South,DataSync,6,1097235,330236,279000.0,7,6,2024,0.8449,0.1,27900.0,False,0.0,91436.25,119336.25,119336.25,84.5,Jun 2024
REP074,Advika Yogi,South,SecureAPI,25,1023903,502198,472300.0,5,6,2024,0.9405,0.1,47230.0,False,0.0,85325.25,132555.25,132555.25,94.0,Jun 2024
REP075,Fateh Dasgupta,South,DataSync,7,1028361,328417,324000.0,7,6,2024,0.9866,0.1,32400.0,False,0.0,85696.75,118096.75,118096.75,98.7,Jun 2024
REP076,Chirag Gara,North,CloudCore,43,1162479,628796,636400.0,8,6,2024,1.0121,0.15,95460.0,False,0.0,96873.25,192333.25,192333.25,101.2,Jun 2024
REP077,Khushi Malhotra,West,SecureAPI,17,1386265,450976,505600.0,8,6,2024,1.1211,0.15,75840.0,False,0.0,115522.08,191362.08,191362.08,112.1,Jun 2024
REP078,Khushi Choudhary,West,SecureAPI,35,1049312,361635,277100.0,4,6,2024,0.7662,0.05,13855.0,False,0.0,87442.67,101297.67,101297.67,76.6,Jun 2024
REP079,Devansh Sathe,West,DataSync,69,851773,542633,663600.0,10,6,2024,1.2229,0.2,132720.0,False,0.0,70981.08,203701.08,203701.08,122.3,Jun 2024
REP080,Manikya Bandi,East,SecureAPI,28,1060110,445478,400800.0,9,6,2024,0.8997,0.1,40080.0,False,0.0,88342.5,128422.5,128422.5,90.0,Jun 2024
REP001,Anay Shanker,South,DataSync,67,937330,539239,278900.0,2,7,2024,0.5172,0.05,13945.0,False,0.0,78110.83,92055.83,92055.83,51.7,Jul 2024
REP002,Nirvaan Choudhury,West,DataSync,67,1162942,459637,415900.0,9,7,2024,0.9048,0.1,41590.0,False,0.0,96911.83,138501.83,138501.83,90.5,Jul 2024
REP003,Sara Behl,West,CloudCore,23,1242077,682789,588700.0,7,7,2024,0.8622,0.1,58870.0,False,0.0,103506.42,162376.42,162376.42,86.2,Jul 2024
REP004,Kiara Kakar,East,CloudCore,70,1183621,400299,223400.0,5,7,2024,0.5581,0.05,11170.0,False,0.0,98635.08,109805.08,109805.08,55.8,Jul 2024
REP005,Aniruddh Batra,East,CloudCore,5,956170,458650,323200.0,3,7,2024,0.7047,0.05,16160.0,False,0.0,79680.83,95840.83,95840.83,70.5,Jul 2024
REP006,Mehul Krishnan,West,SecureAPI,33,1172451,365184,130800.0,1,7,2024,0.3582,0.0,0.0,False,0.0,97704.25,97704.25,97704.25,35.8,Jul 2024
REP007,Jhanvi Chaudhary,North,SecureAPI,13,1394916,372453,266400.0,7,7,2024,0.7153,0.05,13320.0,False,0.0,116243.0,129563.0,129563.0,71.5,Jul 2024
REP008,Madhup Kapur,East,SecureAPI,11,1127831,549387,219700.0,3,7,2024,0.3999,0.0,0.0,False,0.0,93985.92,93985.92,93985.92,40.0,Jul 2024
REP009,Zoya Virk,South,DataSync,19,881869,472949,446900.0,9,7,2024,0.9449,0.1,44690.0,True,22345.0,73489.08,140524.08,140524.08,94.5,Jul 2024
REP010,Tara Swaminathan,West,CloudCore,24,1426510,538966,466600.0,7,7,2024,0.8657,0.1,46660.0,False,0.0,118875.83,165535.83,165535.83,86.6,Jul 2024
REP011,Rasha Kakar,West,CloudCore,57,1486059,511043,397700.0,7,7,2024,0.7782,0.05,19885.0,False,0.0,123838.25,143723.25,143723.25,77.8,Jul 2024
REP012,Ranbir Brahmbhatt,North,DataSync,42,1010922,404593,289300.0,3,7,2024,0.715,0.05,14465.0,False,0.0,84243.5,98708.5,98708.5,71.5,Jul 2024
REP013,Tarini Ganguly,West,DataSync,59,1241559,535828,290700.0,3,7,2024,0.5425,0.05,14535.0,False,0.0,103463.25,117998.25,117998.25,54.2,Jul 2024
REP014,Divij Gupta,East,CloudCore,34,763441,517806,359500.0,5,7,2024,0.6943,0.05,17975.0,False,0.0,63620.08,81595.08,81595.08,69.4,Jul 2024
REP015,Taimur Vaidya,East,DataSync,32,711028,454256,484900.0,10,7,2024,1.0675,0.15,72735.0,True,24245.0,59252.33,156232.33,156232.33,106.7,Jul 2024
REP016,Lavanya Deo,East,CloudCore,10,737220,520031,432700.0,5,7,2024,0.8321,0.1,43270.0,False,0.0,61435.0,104705.0,104705.0,83.2,Jul 2024
REP017,Samiha Karpe,South,CloudCore,45,782938,437149,393200.0,7,7,2024,0.8995,0.1,39320.0,False,0.0,65244.83,104564.83,104564.83,90.0,Jul 2024
REP018,Uthkarsh Baral,North,SecureAPI,65,1092004,406160,308800.0,7,7,2024,0.7603,0.05,15440.0,False,0.0,91000.33,106440.33,106440.33,76.0,Jul 2024
REP019,Mishti Ranganathan,North,DataSync,63,1398782,363700,252000.0,6,7,2024,0.6929,0.05,12600.0,False,0.0,116565.17,129165.17,129165.17,69.3,Jul 2024
REP020,Kashvi Char,South,SecureAPI,27,1176833,374726,136000.0,1,7,2024,0.3629,0.0,0.0,False,0.0,98069.42,98069.42,98069.42,36.3,Jul 2024
REP021,Azad Sahota,East,SecureAPI,48,925994,461038,474100.0,6,7,2024,1.0283,0.15,71115.0,True,23705.0,77166.17,171986.17,171986.17,102.8,Jul 2024
REP022,Trisha Dhillon,South,CloudCore,15,806802,431778,417500.0,9,7,2024,0.9669,0.1,41750.0,True,20875.0,67233.5,129858.5,129858.5,96.7,Jul 2024
REP023,Mehul Verma,East,CloudCore,16,877892,530367,340200.0,4,7,2024,0.6414,0.05,17010.0,False,0.0,73157.67,90167.67,90167.67,64.1,Jul 2024
REP024,Vaibhav Dewan,West,CloudCore,60,1412336,473495,475600.0,7,7,2024,1.0044,0.15,71340.0,True,23780.0,117694.67,212814.67,212814.67,100.4,Jul 2024
REP025,Myra Tiwari,West,SecureAPI,62,1142075,415485,297100.0,5,7,2024,0.7151,0.05,14855.0,False,0.0,95172.92,110027.92,110027.92,71.5,Jul 2024
REP026,Ishaan Goyal,North,DataSync,59,879046,511818,242100.0,5,7,2024,0.473,0.0,0.0,False,0.0,73253.83,73253.83,73253.83,47.3,Jul 2024
REP027,Lakshay Sampath,West,DataSync,15,1427057,313261,144100.0,1,7,2024,0.46,0.0,0.0,False,0.0,118921.42,118921.42,118921.42,46.0,Jul 2024
REP028,Rati Sanghvi,West,CloudCore,4,1416847,448896,311500.0,7,7,2024,0.6939,0.05,15575.0,False,0.0,118070.58,133645.58,133645.58,69.4,Jul 2024
REP029,Mahika Ravi,South,DataSync,24,997861,406539,219100.0,5,7,2024,0.5389,0.05,10955.0,False,0.0,83155.08,94110.08,94110.08,53.9,Jul 2024
REP030,Hazel Sethi,South,SecureAPI,54,974130,586569,409000.0,3,7,2024,0.6973,0.05,20450.0,False,0.0,81177.5,101627.5,101627.5,69.7,Jul 2024
REP031,Ishaan Kashyap,North,CloudCore,3,1197382,604693,595800.0,6,7,2024,0.9853,0.1,59580.0,True,29790.0,99781.83,189151.83,189151.83,98.5,Jul 2024
REP032,Purab Reddy,West,SecureAPI,39,1327110,460888,356800.0,4,7,2024,0.7742,0.05,17840.0,False,0.0,110592.5,128432.5,128432.5,77.4,Jul 2024
REP033,Piya Gaba,South,DataSync,22,1260311,349780,264300.0,7,7,2024,0.7556,0.05,13215.0,False,0.0,105025.92,118240.92,118240.92,75.6,Jul 2024
REP034,Manikya Tara,East,CloudCore,72,730662,431959,297900.0,3,7,2024,0.6896,0.05,14895.0,False,0.0,60888.5,75783.5,75783.5,69.0,Jul 2024
REP035,Zara Dugar,North,SecureAPI,9,859942,503138,232500.0,2,7,2024,0.4621,0.0,0.0,False,0.0,71661.83,71661.83,71661.83,46.2,Jul 2024
REP036,Priyansh Bali,North,CloudCore,23,1356926,429821,366800.0,7,7,2024,0.8534,0.1,36680.0,False,0.0,113077.17,149757.17,149757.17,85.3,Jul 2024
REP037,Jiya Vora,East,SecureAPI,26,742001,367962,218800.0,4,7,2024,0.5946,0.05,10940.0,False,0.0,61833.42,72773.42,72773.42,59.5,Jul 2024
REP038,Lakshit Sagar,North,CloudCore,54,1046629,462855,316000.0,7,7,2024,0.6827,0.05,15800.0,False,0.0,87219.08,103019.08,103019.08,68.3,Jul 2024
REP039,Vivaan Wagle,North,SecureAPI,34,1397347,501760,273600.0,4,7,2024,0.5453,0.05,13680.0,False,0.0,116445.58,130125.58,130125.58,54.5,Jul 2024
REP040,Hridaan Deo,South,SecureAPI,56,835965,522326,445500.0,7,7,2024,0.8529,0.1,44550.0,False,0.0,69663.75,114213.75,114213.75,85.3,Jul 2024
REP041,Nishith Sharma,East,SecureAPI,43,974088,595027,365800.0,5,7,2024,0.6148,0.05,18290.0,False,0.0,81174.0,99464.0,99464.0,61.5,Jul 2024
REP042,Siya Master,North,DataSync,33,1129445,369629,307700.0,7,7,2024,0.8325,0.1,30770.0,False,0.0,94120.42,124890.42,124890.42,83.2,Jul 2024
REP043,Keya Iyengar,South,CloudCore,61,1064569,565767,403800.0,4,7,2024,0.7137,0.05,20190.0,False,0.0,88714.08,108904.08,108904.08,71.4,Jul 2024
REP044,Madhup Biswas,South,DataSync,4,826066,420136,253400.0,5,7,2024,0.6031,0.05,12670.0,False,0.0,68838.83,81508.83,81508.83,60.3,Jul 2024
REP045,Divij Shroff,North,DataSync,15,1390341,319204,224700.0,7,7,2024,0.7039,0.05,11235.0,False,0.0,115861.75,127096.75,127096.75,70.4,Jul 2024
REP046,Faiyaz Bose,South,SecureAPI,36,1280458,384722,231400.0,3,7,2024,0.6015,0.05,11570.0,False,0.0,106704.83,118274.83,118274.83,60.2,Jul 2024
REP047,Vritika Sangha,East,SecureAPI,11,1161826,580495,193200.0,3,7,2024,0.3328,0.0,0.0,False,0.0,96818.83,96818.83,96818.83,33.3,Jul 2024
REP048,Kimaya Balay,East,CloudCore,23,849415,629734,493500.0,5,7,2024,0.7837,0.05,24675.0,False,0.0,70784.58,95459.58,95459.58,78.4,Jul 2024
REP049,Vaibhav Raju,East,DataSync,41,1068857,460347,260100.0,6,7,2024,0.565,0.05,13005.0,False,0.0,89071.42,102076.42,102076.42,56.5,Jul 2024
REP050,Eva Dass,North,DataSync,4,1354634,475076,200400.0,5,7,2024,0.4218,0.0,0.0,False,0.0,112886.17,112886.17,112886.17,42.2,Jul 2024
REP051,Pihu Sen,North,CloudCore,16,1113921,470407,287700.0,3,7,2024,0.6116,0.05,14385.0,False,0.0,92826.75,107211.75,107211.75,61.2,Jul 2024
REP052,Pihu Wali,West,CloudCore,22,962235,542788,334100.0,2,7,2024,0.6155,0.05,16705.0,False,0.0,80186.25,96891.25,96891.25,61.6,Jul 2024
REP053,Tiya Rege,East,DataSync,46,810430,353371,273000.0,6,7,2024,0.7726,0.05,13650.0,False,0.0,67535.83,81185.83,81185.83,77.3,Jul 2024
REP054,Faiyaz Din,South,DataSync,67,1026807,428065,282500.0,6,7,2024,0.6599,0.05,14125.0,False,0.0,85567.25,99692.25,99692.25,66.0,Jul 2024
REP055,Indranil Karan,West,CloudCore,14,903266,622075,444700.0,5,7,2024,0.7149,0.05,22235.0,False,0.0,75272.17,97507.17,97507.17,71.5,Jul 2024
REP056,Saira Vora,West,DataSync,3,896228,387439,208800.0,6,7,2024,0.5389,0.05,10440.0,False,0.0,74685.67,85125.67,85125.67,53.9,Jul 2024
REP057,Damini Singh,East,DataSync,36,1034030,342357,146200.0,3,7,2024,0.427,0.0,0.0,False,0.0,86169.17,86169.17,86169.17,42.7,Jul 2024
REP058,Dishani Bera,East,SecureAPI,57,989239,497038,241400.0,1,7,2024,0.4857,0.0,0.0,False,0.0,82436.58,82436.58,82436.58,48.6,Jul 2024
REP059,Navya Kulkarni,North,CloudCore,22,878898,686046,709100.0,8,7,2024,1.0336,0.15,106365.0,True,35455.0,73241.5,215061.5,215061.5,103.4,Jul 2024
REP060,Indrans Grover,South,SecureAPI,21,1137151,462666,430200.0,7,7,2024,0.9298,0.1,43020.0,False,0.0,94762.58,137782.58,137782.58,93.0,Jul 2024
REP061,Hrishita Sood,South,CloudCore,49,1073232,420916,430400.0,10,7,2024,1.0225,0.15,64560.0,True,21520.0,89436.0,175516.0,175516.0,102.2,Jul 2024
REP062,Kismat Edwin,North,CloudCore,34,1020281,453893,178900.0,5,7,2024,0.3941,0.0,0.0,False,0.0,85023.42,85023.42,85023.42,39.4,Jul 2024
REP063,Advik Bhalla,South,DataSync,22,1176117,542683,451000.0,7,7,2024,0.8311,0.1,45100.0,False,0.0,98009.75,143109.75,143109.75,83.1,Jul 2024
REP064,Zara Dube,North,CloudCore,25,970395,616161,437700.0,4,7,2024,0.7104,0.05,21885.0,False,0.0,80866.25,102751.25,102751.25,71.0,Jul 2024
REP065,Bhavin Dara,North,SecureAPI,55,1148321,560301,451300.0,7,7,2024,0.8055,0.1,45130.0,False,0.0,95693.42,140823.42,140823.42,80.6,Jul 2024
REP066,Dharmajan Setty,South,SecureAPI,37,1010222,391732,274400.0,7,7,2024,0.7005,0.05,13720.0,False,0.0,84185.17,97905.17,97905.17,70.0,Jul 2024
REP067,Darshit Sidhu,West,CloudCore,51,963346,420302,253900.0,5,7,2024,0.6041,0.05,12695.0,False,0.0,80278.83,92973.83,92973.83,60.4,Jul 2024
REP068,Gokul Sahni,West,DataSync,28,1083238,514063,261200.0,4,7,2024,0.5081,0.05,13060.0,False,0.0,90269.83,103329.83,103329.83,50.8,Jul 2024
REP069,Ira Butala,East,DataSync,42,883321,515098,298100.0,4,7,2024,0.5787,0.05,14905.0,False,0.0,73610.08,88515.08,88515.08,57.9,Jul 2024
REP070,Eva Viswanathan,North,SecureAPI,31,1038651,356203,163400.0,5,7,2024,0.4587,0.0,0.0,False,0.0,86554.25,86554.25,86554.25,45.9,Jul 2024
REP071,Lakshit Madan,East,DataSync,45,908910,373034,293800.0,8,7,2024,0.7876,0.05,14690.0,False,0.0,75742.5,90432.5,90432.5,78.8,Jul 2024
REP072,Riya Dugal,West,SecureAPI,47,1142683,518160,266300.0,5,7,2024,0.5139,0.05,13315.0,False,0.0,95223.58,108538.58,108538.58,51.4,Jul 2024
REP073,Oorja Sachar,South,DataSync,6,1097235,330236,295200.0,8,7,2024,0.8939,0.1,29520.0,False,0.0,91436.25,120956.25,120956.25,89.4,Jul 2024
REP074,Advika Yogi,South,SecureAPI,25,1023903,502198,283400.0,4,7,2024,0.5643,0.05,14170.0,False,0.0,85325.25,99495.25,99495.25,56.4,Jul 2024
REP075,Fateh Dasgupta,South,DataSync,7,1028361,328417,188700.0,3,7,2024,0.5746,0.05,9435.0,False,0.0,85696.75,95131.75,95131.75,57.5,Jul 2024
REP076,Chirag Gara,North,CloudCore,43,1162479,628796,464300.0,4,7,2024,0.7384,0.05,23215.0,False,0.0,96873.25,120088.25,120088.25,73.8,Jul 2024
REP077,Khushi Malhotra,West,SecureAPI,17,1386265,450976,329700.0,7,7,2024,0.7311,0.05,16485.0,False,0.0,115522.08,132007.08,132007.08,73.1,Jul 2024
REP078,Khushi Choudhary,West,SecureAPI,35,1049312,361635,173500.0,4,7,2024,0.4798,0.0,0.0,False,0.0,87442.67,87442.67,87442.67,48.0,Jul 2024
REP079,Devansh Sathe,West,DataSync,69,851773,542633,315600.0,3,7,2024,0.5816,0.05,15780.0,False,0.0,70981.08,86761.08,86761.08,58.2,Jul 2024
REP080,Manikya Bandi,East,SecureAPI,28,1060110,445478,214400.0,4,7,2024,0.4813,0.0,0.0,False,0.0,88342.5,88342.5,88342.5,48.1,Jul 2024
REP001,Anay Shanker,South,DataSync,67,937330,539239,317900.0,2,8,2024,0.5895,0.05,15895.0,False,0.0,78110.83,94005.83,94005.83,59.0,Aug 2024
REP002,Nirvaan Choudhury,West,DataSync,67,1162942,459637,525900.0,9,8,2024,1.1442,0.15,78885.0,True,26295.0,96911.83,202091.83,202091.83,114.4,Aug 2024
REP003,Sara Behl,West,CloudCore,23,1242077,682789,725300.0,9,8,2024,1.0623,0.15,108795.0,True,36265.0,103506.42,248566.42,248566.42,106.2,Aug 2024
REP004,Kiara Kakar,East,CloudCore,70,1183621,400299,204500.0,5,8,2024,0.5109,0.05,10225.0,False,0.0,98635.08,108860.08,108860.08,51.1,Aug 2024
REP005,Aniruddh Batra,East,CloudCore,5,956170,458650,426600.0,8,8,2024,0.9301,0.1,42660.0,False,0.0,79680.83,122340.83,122340.83,93.0,Aug 2024
REP006,Mehul Krishnan,West,SecureAPI,33,1172451,365184,182800.0,3,8,2024,0.5006,0.05,9140.0,False,0.0,97704.25,106844.25,106844.25,50.1,Aug 2024
REP007,Jhanvi Chaudhary,North,SecureAPI,13,1394916,372453,223300.0,5,8,2024,0.5995,0.05,11165.0,False,0.0,116243.0,127408.0,127408.0,60.0,Aug 2024
REP008,Madhup Kapur,East,SecureAPI,11,1127831,549387,232900.0,1,8,2024,0.4239,0.0,0.0,False,0.0,93985.92,93985.92,93985.92,42.4,Aug 2024
REP009,Zoya Virk,South,DataSync,19,881869,472949,291700.0,3,8,2024,0.6168,0.05,14585.0,False,0.0,73489.08,88074.08,88074.08,61.7,Aug 2024
REP010,Tara Swaminathan,West,CloudCore,24,1426510,538966,415900.0,8,8,2024,0.7717,0.05,20795.0,False,0.0,118875.83,139670.83,139670.83,77.2,Aug 2024
REP011,Rasha Kakar,West,CloudCore,57,1486059,511043,413600.0,8,8,2024,0.8093,0.1,41360.0,False,0.0,123838.25,165198.25,165198.25,80.9,Aug 2024
REP012,Ranbir Brahmbhatt,North,DataSync,42,1010922,404593,310000.0,6,8,2024,0.7662,0.05,15500.0,False,0.0,84243.5,99743.5,99743.5,76.6,Aug 2024
REP013,Tarini Ganguly,West,DataSync,59,1241559,535828,318400.0,2,8,2024,0.5942,0.05,15920.0,False,0.0,103463.25,119383.25,119383.25,59.4,Aug 2024
REP014,Divij Gupta,East,CloudCore,34,763441,517806,406600.0,7,8,2024,0.7852,0.05,20330.0,False,0.0,63620.08,83950.08,83950.08,78.5,Aug 2024
REP015,Taimur Vaidya,East,DataSync,32,711028,454256,481200.0,6,8,2024,1.0593,0.15,72180.0,True,24060.0,59252.33,155492.33,155492.33,105.9,Aug 2024
REP016,Lavanya Deo,East,CloudCore,10,737220,520031,302600.0,6,8,2024,0.5819,0.05,15130.0,False,0.0,61435.0,76565.0,76565.0,58.2,Aug 2024
REP017,Samiha Karpe,South,CloudCore,45,782938,437149,445500.0,9,8,2024,1.0191,0.15,66825.0,False,0.0,65244.83,132069.83,132069.83,101.9,Aug 2024
REP018,Uthkarsh Baral,North,SecureAPI,65,1092004,406160,359900.0,5,8,2024,0.8861,0.1,35990.0,False,0.0,91000.33,126990.33,126990.33,88.6,Aug 2024
REP019,Mishti Ranganathan,North,DataSync,63,1398782,363700,238800.0,4,8,2024,0.6566,0.05,11940.0,False,0.0,116565.17,128505.17,128505.17,65.7,Aug 2024
REP020,Kashvi Char,South,SecureAPI,27,1176833,374726,261700.0,6,8,2024,0.6984,0.05,13085.0,False,0.0,98069.42,111154.42,111154.42,69.8,Aug 2024
REP021,Azad Sahota,East,SecureAPI,48,925994,461038,473000.0,7,8,2024,1.0259,0.15,70950.0,True,23650.0,77166.17,171766.17,171766.17,102.6,Aug 2024
REP022,Trisha Dhillon,South,CloudCore,15,806802,431778,330400.0,4,8,2024,0.7652,0.05,16520.0,False,0.0,67233.5,83753.5,83753.5,76.5,Aug 2024
REP023,Mehul Verma,East,CloudCore,16,877892,530367,462500.0,7,8,2024,0.872,0.1,46250.0,False,0.0,73157.67,119407.67,119407.67,87.2,Aug 2024
REP024,Vaibhav Dewan,West,CloudCore,60,1412336,473495,548000.0,9,8,2024,1.1574,0.15,82200.0,True,27400.0,117694.67,227294.67,227294.67,115.7,Aug 2024
REP025,Myra Tiwari,West,SecureAPI,62,1142075,415485,343200.0,6,8,2024,0.826,0.1,34320.0,False,0.0,95172.92,129492.92,129492.92,82.6,Aug 2024
REP026,Ishaan Goyal,North,DataSync,59,879046,511818,299000.0,6,8,2024,0.5842,0.05,14950.0,False,0.0,73253.83,88203.83,88203.83,58.4,Aug 2024
REP027,Lakshay Sampath,West,DataSync,15,1427057,313261,154700.0,4,8,2024,0.4938,0.0,0.0,False,0.0,118921.42,118921.42,118921.42,49.4,Aug 2024
REP028,Rati Sanghvi,West,CloudCore,4,1416847,448896,323600.0,3,8,2024,0.7209,0.05,16180.0,False,0.0,118070.58,134250.58,134250.58,72.1,Aug 2024
REP029,Mahika Ravi,South,DataSync,24,997861,406539,267700.0,5,8,2024,0.6585,0.05,13385.0,False,0.0,83155.08,96540.08,96540.08,65.8,Aug 2024
REP030,Hazel Sethi,South,SecureAPI,54,974130,586569,422400.0,7,8,2024,0.7201,0.05,21120.0,False,0.0,81177.5,102297.5,102297.5,72.0,Aug 2024
REP031,Ishaan Kashyap,North,CloudCore,3,1197382,604693,609400.0,9,8,2024,1.0078,0.15,91410.0,False,0.0,99781.83,191191.83,191191.83,100.8,Aug 2024
REP032,Purab Reddy,West,SecureAPI,39,1327110,460888,349700.0,6,8,2024,0.7588,0.05,17485.0,False,0.0,110592.5,128077.5,128077.5,75.9,Aug 2024
REP033,Piya Gaba,South,DataSync,22,1260311,349780,299500.0,7,8,2024,0.8563,0.1,29950.0,False,0.0,105025.92,134975.92,134975.92,85.6,Aug 2024
REP034,Manikya Tara,East,CloudCore,72,730662,431959,363500.0,8,8,2024,0.8415,0.1,36350.0,False,0.0,60888.5,97238.5,97238.5,84.2,Aug 2024
REP035,Zara Dugar,North,SecureAPI,9,859942,503138,344500.0,3,8,2024,0.6847,0.05,17225.0,False,0.0,71661.83,88886.83,88886.83,68.5,Aug 2024
REP036,Priyansh Bali,North,CloudCore,23,1356926,429821,324700.0,8,8,2024,0.7554,0.05,16235.0,False,0.0,113077.17,129312.17,129312.17,75.5,Aug 2024
REP037,Jiya Vora,East,SecureAPI,26,742001,367962,190600.0,2,8,2024,0.518,0.05,9530.0,False,0.0,61833.42,71363.42,71363.42,51.8,Aug 2024
REP038,Lakshit Sagar,North,CloudCore,54,1046629,462855,327500.0,4,8,2024,0.7076,0.05,16375.0,False,0.0,87219.08,103594.08,103594.08,70.8,Aug 2024
REP039,Vivaan Wagle,North,SecureAPI,34,1397347,501760,248800.0,3,8,2024,0.4959,0.0,0.0,False,0.0,116445.58,116445.58,116445.58,49.6,Aug 2024
REP040,Hridaan Deo,South,SecureAPI,56,835965,522326,441900.0,5,8,2024,0.846,0.1,44190.0,False,0.0,69663.75,113853.75,113853.75,84.6,Aug 2024
REP041,Nishith Sharma,East,SecureAPI,43,974088,595027,526400.0,5,8,2024,0.8847,0.1,52640.0,False,0.0,81174.0,133814.0,133814.0,88.5,Aug 2024
REP042,Siya Master,North,DataSync,33,1129445,369629,263700.0,6,8,2024,0.7134,0.05,13185.0,False,0.0,94120.42,107305.42,107305.42,71.3,Aug 2024
REP043,Keya Iyengar,South,CloudCore,61,1064569,565767,507000.0,5,8,2024,0.8961,0.1,50700.0,False,0.0,88714.08,139414.08,139414.08,89.6,Aug 2024
REP044,Madhup Biswas,South,DataSync,4,826066,420136,304700.0,3,8,2024,0.7252,0.05,15235.0,False,0.0,68838.83,84073.83,84073.83,72.5,Aug 2024
REP045,Divij Shroff,North,DataSync,15,1390341,319204,271200.0,7,8,2024,0.8496,0.1,27120.0,False,0.0,115861.75,142981.75,142981.75,85.0,Aug 2024
REP046,Faiyaz Bose,South,SecureAPI,36,1280458,384722,384300.0,6,8,2024,0.9989,0.1,38430.0,False,0.0,106704.83,145134.83,145134.83,99.9,Aug 2024
REP047,Vritika Sangha,East,SecureAPI,11,1161826,580495,263500.0,3,8,2024,0.4539,0.0,0.0,False,0.0,96818.83,96818.83,96818.83,45.4,Aug 2024
REP048,Kimaya Balay,East,CloudCore,23,849415,629734,428600.0,3,8,2024,0.6806,0.05,21430.0,False,0.0,70784.58,92214.58,92214.58,68.1,Aug 2024
REP049,Vaibhav Raju,East,DataSync,41,1068857,460347,149900.0,1,8,2024,0.3256,0.0,0.0,False,0.0,89071.42,89071.42,89071.42,32.6,Aug 2024
REP050,Eva Dass,North,DataSync,4,1354634,475076,353100.0,5,8,2024,0.7432,0.05,17655.0,False,0.0,112886.17,130541.17,130541.17,74.3,Aug 2024
REP051,Pihu Sen,North,CloudCore,16,1113921,470407,299100.0,3,8,2024,0.6358,0.05,14955.0,False,0.0,92826.75,107781.75,107781.75,63.6,Aug 2024
REP052,Pihu Wali,West,CloudCore,22,962235,542788,435200.0,6,8,2024,0.8018,0.1,43520.0,False,0.0,80186.25,123706.25,123706.25,80.2,Aug 2024
REP053,Tiya Rege,East,DataSync,46,810430,353371,295400.0,6,8,2024,0.8359,0.1,29540.0,False,0.0,67535.83,97075.83,97075.83,83.6,Aug 2024
REP054,Faiyaz Din,South,DataSync,67,1026807,428065,296500.0,5,8,2024,0.6927,0.05,14825.0,False,0.0,85567.25,100392.25,100392.25,69.3,Aug 2024
REP055,Indranil Karan,West,CloudCore,14,903266,622075,657500.0,9,8,2024,1.0569,0.15,98625.0,True,32875.0,75272.17,206772.17,206772.17,105.7,Aug 2024
REP056,Saira Vora,West,DataSync,3,896228,387439,220400.0,3,8,2024,0.5689,0.05,11020.0,False,0.0,74685.67,85705.67,85705.67,56.9,Aug 2024
REP057,Damini Singh,East,DataSync,36,1034030,342357,193900.0,3,8,2024,0.5664,0.05,9695.0,False,0.0,86169.17,95864.17,95864.17,56.6,Aug 2024
REP058,Dishani Bera,East,SecureAPI,57,989239,497038,320600.0,7,8,2024,0.645,0.05,16030.0,False,0.0,82436.58,98466.58,98466.58,64.5,Aug 2024
REP059,Navya Kulkarni,North,CloudCore,22,878898,686046,710500.0,9,8,2024,1.0356,0.15,106575.0,True,35525.0,73241.5,215341.5,215341.5,103.6,Aug 2024
REP060,Indrans Grover,South,SecureAPI,21,1137151,462666,471100.0,10,8,2024,1.0182,0.15,70665.0,False,0.0,94762.58,165427.58,165427.58,101.8,Aug 2024
REP061,Hrishita Sood,South,CloudCore,49,1073232,420916,399600.0,6,8,2024,0.9494,0.1,39960.0,False,0.0,89436.0,129396.0,129396.0,94.9,Aug 2024
REP062,Kismat Edwin,North,CloudCore,34,1020281,453893,278100.0,3,8,2024,0.6127,0.05,13905.0,False,0.0,85023.42,98928.42,98928.42,61.3,Aug 2024
REP063,Advik Bhalla,South,DataSync,22,1176117,542683,542400.0,6,8,2024,0.9995,0.1,54240.0,False,0.0,98009.75,152249.75,152249.75,100.0,Aug 2024
REP064,Zara Dube,North,CloudCore,25,970395,616161,446100.0,3,8,2024,0.724,0.05,22305.0,False,0.0,80866.25,103171.25,103171.25,72.4,Aug 2024
REP065,Bhavin Dara,North,SecureAPI,55,1148321,560301,622700.0,10,8,2024,1.1114,0.15,93405.0,True,31135.0,95693.42,220233.42,220233.42,111.1,Aug 2024
REP066,Dharmajan Setty,South,SecureAPI,37,1010222,391732,295900.0,7,8,2024,0.7554,0.05,14795.0,False,0.0,84185.17,98980.17,98980.17,75.5,Aug 2024
REP067,Darshit Sidhu,West,CloudCore,51,963346,420302,179200.0,5,8,2024,0.4264,0.0,0.0,False,0.0,80278.83,80278.83,80278.83,42.6,Aug 2024
REP068,Gokul Sahni,West,DataSync,28,1083238,514063,275800.0,3,8,2024,0.5365,0.05,13790.0,False,0.0,90269.83,104059.83,104059.83,53.6,Aug 2024
REP069,Ira Butala,East,DataSync,42,883321,515098,288300.0,5,8,2024,0.5597,0.05,14415.0,False,0.0,73610.08,88025.08,88025.08,56.0,Aug 2024
REP070,Eva Viswanathan,North,SecureAPI,31,1038651,356203,246500.0,7,8,2024,0.692,0.05,12325.0,False,0.0,86554.25,98879.25,98879.25,69.2,Aug 2024
REP071,Lakshit Madan,East,DataSync,45,908910,373034,236800.0,4,8,2024,0.6348,0.05,11840.0,False,0.0,75742.5,87582.5,87582.5,63.5,Aug 2024
REP072,Riya Dugal,West,SecureAPI,47,1142683,518160,387300.0,4,8,2024,0.7475,0.05,19365.0,False,0.0,95223.58,114588.58,114588.58,74.8,Aug 2024
REP073,Oorja Sachar,South,DataSync,6,1097235,330236,261300.0,7,8,2024,0.7913,0.05,13065.0,False,0.0,91436.25,104501.25,104501.25,79.1,Aug 2024
REP074,Advika Yogi,South,SecureAPI,25,1023903,502198,250100.0,3,8,2024,0.498,0.0,0.0,False,0.0,85325.25,85325.25,85325.25,49.8,Aug 2024
REP075,Fateh Dasgupta,South,DataSync,7,1028361,328417,139100.0,4,8,2024,0.4235,0.0,0.0,False,0.0,85696.75,85696.75,85696.75,42.4,Aug 2024
REP076,Chirag Gara,North,CloudCore,43,1162479,628796,401600.0,5,8,2024,0.6387,0.05,20080.0,False,0.0,96873.25,116953.25,116953.25,63.9,Aug 2024
REP077,Khushi Malhotra,West,SecureAPI,17,1386265,450976,402000.0,5,8,2024,0.8914,0.1,40200.0,False,0.0,115522.08,155722.08,155722.08,89.1,Aug 2024
REP078,Khushi Choudhary,West,SecureAPI,35,1049312,361635,203200.0,5,8,2024,0.5619,0.05,10160.0,False,0.0,87442.67,97602.67,97602.67,56.2,Aug 2024
REP079,Devansh Sathe,West,DataSync,69,851773,542633,210600.0,3,8,2024,0.3881,0.0,0.0,False,0.0,70981.08,70981.08,70981.08,38.8,Aug 2024
REP080,Manikya Bandi,East,SecureAPI,28,1060110,445478,172600.0,5,8,2024,0.3874,0.0,0.0,False,0.0,88342.5,88342.5,88342.5,38.7,Aug 2024
REP001,Anay Shanker,South,DataSync,67,937330,539239,349200.0,4,9,2024,0.6476,0.05,17460.0,False,0.0,78110.83,95570.83,95570.83,64.8,Sep 2024
REP002,Nirvaan Choudhury,West,DataSync,67,1162942,459637,652000.0,9,9,2024,1.4185,0.2,130400.0,True,32600.0,96911.83,259911.83,259911.83,141.9,Sep 2024
REP003,Sara Behl,West,CloudCore,23,1242077,682789,854800.0,11,9,2024,1.2519,0.2,170960.0,False,0.0,103506.42,274466.42,274466.42,125.2,Sep 2024
REP004,Kiara Kakar,East,CloudCore,70,1183621,400299,183500.0,3,9,2024,0.4584,0.0,0.0,False,0.0,98635.08,98635.08,98635.08,45.8,Sep 2024
REP005,Aniruddh Batra,East,CloudCore,5,956170,458650,456000.0,9,9,2024,0.9942,0.1,45600.0,False,0.0,79680.83,125280.83,125280.83,99.4,Sep 2024
REP006,Mehul Krishnan,West,SecureAPI,33,1172451,365184,240200.0,5,9,2024,0.6578,0.05,12010.0,False,0.0,97704.25,109714.25,109714.25,65.8,Sep 2024
REP007,Jhanvi Chaudhary,North,SecureAPI,13,1394916,372453,252000.0,6,9,2024,0.6766,0.05,12600.0,False,0.0,116243.0,128843.0,128843.0,67.7,Sep 2024
REP008,Madhup Kapur,East,SecureAPI,11,1127831,549387,380800.0,5,9,2024,0.6931,0.05,19040.0,False,0.0,93985.92,113025.92,113025.92,69.3,Sep 2024
REP009,Zoya Virk,South,DataSync,19,881869,472949,471100.0,8,9,2024,0.9961,0.1,47110.0,False,0.0,73489.08,120599.08,120599.08,99.6,Sep 2024
REP010,Tara Swaminathan,West,CloudCore,24,1426510,538966,601600.0,8,9,2024,1.1162,0.15,90240.0,False,0.0,118875.83,209115.83,209115.83,111.6,Sep 2024
REP011,Rasha Kakar,West,CloudCore,57,1486059,511043,646800.0,9,9,2024,1.2656,0.2,129360.0,True,32340.0,123838.25,285538.25,285538.25,126.6,Sep 2024
REP012,Ranbir Brahmbhatt,North,DataSync,42,1010922,404593,357900.0,8,9,2024,0.8846,0.1,35790.0,False,0.0,84243.5,120033.5,120033.5,88.5,Sep 2024
REP013,Tarini Ganguly,West,DataSync,59,1241559,535828,352800.0,6,9,2024,0.6584,0.05,17640.0,False,0.0,103463.25,121103.25,121103.25,65.8,Sep 2024
REP014,Divij Gupta,East,CloudCore,34,763441,517806,457000.0,5,9,2024,0.8826,0.1,45700.0,False,0.0,63620.08,109320.08,109320.08,88.3,Sep 2024
REP015,Taimur Vaidya,East,DataSync,32,711028,454256,679900.0,10,9,2024,1.4967,0.2,135980.0,True,33995.0,59252.33,229227.33,229227.33,149.7,Sep 2024
REP016,Lavanya Deo,East,CloudCore,10,737220,520031,537500.0,9,9,2024,1.0336,0.15,80625.0,False,0.0,61435.0,142060.0,142060.0,103.4,Sep 2024
REP017,Samiha Karpe,South,CloudCore,45,782938,437149,557600.0,12,9,2024,1.2755,0.2,111520.0,True,27880.0,65244.83,204644.83,204644.83,127.6,Sep 2024
REP018,Uthkarsh Baral,North,SecureAPI,65,1092004,406160,415500.0,8,9,2024,1.023,0.15,62325.0,False,0.0,91000.33,153325.33,153325.33,102.3,Sep 2024
REP019,Mishti Ranganathan,North,DataSync,63,1398782,363700,382500.0,10,9,2024,1.0517,0.15,57375.0,False,0.0,116565.17,173940.17,173940.17,105.2,Sep 2024
REP020,Kashvi Char,South,SecureAPI,27,1176833,374726,254300.0,5,9,2024,0.6786,0.05,12715.0,False,0.0,98069.42,110784.42,110784.42,67.9,Sep 2024
REP021,Azad Sahota,East,SecureAPI,48,925994,461038,564700.0,9,9,2024,1.2248,0.2,112940.0,False,0.0,77166.17,190106.17,190106.17,122.5,Sep 2024
REP022,Trisha Dhillon,South,CloudCore,15,806802,431778,412400.0,5,9,2024,0.9551,0.1,41240.0,False,0.0,67233.5,108473.5,108473.5,95.5,Sep 2024
REP023,Mehul Verma,East,CloudCore,16,877892,530367,541900.0,9,9,2024,1.0217,0.15,81285.0,False,0.0,73157.67,154442.67,154442.67,102.2,Sep 2024
REP024,Vaibhav Dewan,West,CloudCore,60,1412336,473495,581200.0,9,9,2024,1.2275,0.2,116240.0,False,0.0,117694.67,233934.67,233934.67,122.8,Sep 2024
REP025,Myra Tiwari,West,SecureAPI,62,1142075,415485,387900.0,5,9,2024,0.9336,0.1,38790.0,False,0.0,95172.92,133962.92,133962.92,93.4,Sep 2024
REP026,Ishaan Goyal,North,DataSync,59,879046,511818,368100.0,7,9,2024,0.7192,0.05,18405.0,False,0.0,73253.83,91658.83,91658.83,71.9,Sep 2024
REP027,Lakshay Sampath,West,DataSync,15,1427057,313261,207000.0,3,9,2024,0.6608,0.05,10350.0,False,0.0,118921.42,129271.42,129271.42,66.1,Sep 2024
REP028,Rati Sanghvi,West,CloudCore,4,1416847,448896,548100.0,11,9,2024,1.221,0.2,109620.0,False,0.0,118070.58,227690.58,227690.58,122.1,Sep 2024
REP029,Mahika Ravi,South,DataSync,24,997861,406539,110800.0,3,9,2024,0.2725,0.0,0.0,False,0.0,83155.08,83155.08,83155.08,27.3,Sep 2024
REP030,Hazel Sethi,South,SecureAPI,54,974130,586569,684800.0,9,9,2024,1.1675,0.15,102720.0,False,0.0,81177.5,183897.5,183897.5,116.8,Sep 2024
REP031,Ishaan Kashyap,North,CloudCore,3,1197382,604693,835700.0,10,9,2024,1.382,0.2,167140.0,True,41785.0,99781.83,308706.83,308706.83,138.2,Sep 2024
REP032,Purab Reddy,West,SecureAPI,39,1327110,460888,349000.0,8,9,2024,0.7572,0.05,17450.0,False,0.0,110592.5,128042.5,128042.5,75.7,Sep 2024
REP033,Piya Gaba,South,DataSync,22,1260311,349780,343300.0,7,9,2024,0.9815,0.1,34330.0,False,0.0,105025.92,139355.92,139355.92,98.2,Sep 2024
REP034,Manikya Tara,East,CloudCore,72,730662,431959,422400.0,6,9,2024,0.9779,0.1,42240.0,False,0.0,60888.5,103128.5,103128.5,97.8,Sep 2024
REP035,Zara Dugar,North,SecureAPI,9,859942,503138,238500.0,2,9,2024,0.474,0.0,0.0,False,0.0,71661.83,71661.83,71661.83,47.4,Sep 2024
REP036,Priyansh Bali,North,CloudCore,23,1356926,429821,397700.0,9,9,2024,0.9253,0.1,39770.0,False,0.0,113077.17,152847.17,152847.17,92.5,Sep 2024
REP037,Jiya Vora,East,SecureAPI,26,742001,367962,192100.0,4,9,2024,0.5221,0.05,9605.0,False,0.0,61833.42,71438.42,71438.42,52.2,Sep 2024
REP038,Lakshit Sagar,North,CloudCore,54,1046629,462855,580000.0,9,9,2024,1.2531,0.2,116000.0,True,29000.0,87219.08,232219.08,232219.08,125.3,Sep 2024
REP039,Vivaan Wagle,North,SecureAPI,34,1397347,501760,428300.0,4,9,2024,0.8536,0.1,42830.0,False,0.0,116445.58,159275.58,159275.58,85.4,Sep 2024
REP040,Hridaan Deo,South,SecureAPI,56,835965,522326,622000.0,7,9,2024,1.1908,0.15,93300.0,False,0.0,69663.75,162963.75,162963.75,119.1,Sep 2024
REP041,Nishith Sharma,East,SecureAPI,43,974088,595027,666100.0,8,9,2024,1.1194,0.15,99915.0,False,0.0,81174.0,181089.0,181089.0,111.9,Sep 2024
REP042,Siya Master,North,DataSync,33,1129445,369629,325200.0,8,9,2024,0.8798,0.1,32520.0,False,0.0,94120.42,126640.42,126640.42,88.0,Sep 2024
REP043,Keya Iyengar,South,CloudCore,61,1064569,565767,542000.0,5,9,2024,0.958,0.1,54200.0,False,0.0,88714.08,142914.08,142914.08,95.8,Sep 2024
REP044,Madhup Biswas,South,DataSync,4,826066,420136,328200.0,8,9,2024,0.7812,0.05,16410.0,False,0.0,68838.83,85248.83,85248.83,78.1,Sep 2024
REP045,Divij Shroff,North,DataSync,15,1390341,319204,276900.0,6,9,2024,0.8675,0.1,27690.0,False,0.0,115861.75,143551.75,143551.75,86.8,Sep 2024
REP046,Faiyaz Bose,South,SecureAPI,36,1280458,384722,430300.0,7,9,2024,1.1185,0.15,64545.0,False,0.0,106704.83,171249.83,171249.83,111.8,Sep 2024
REP047,Vritika Sangha,East,SecureAPI,11,1161826,580495,384900.0,3,9,2024,0.6631,0.05,19245.0,False,0.0,96818.83,116063.83,116063.83,66.3,Sep 2024
REP048,Kimaya Balay,East,CloudCore,23,849415,629734,615500.0,7,9,2024,0.9774,0.1,61550.0,False,0.0,70784.58,132334.58,132334.58,97.7,Sep 2024
REP049,Vaibhav Raju,East,DataSync,41,1068857,460347,376200.0,6,9,2024,0.8172,0.1,37620.0,False,0.0,89071.42,126691.42,126691.42,81.7,Sep 2024
REP050,Eva Dass,North,DataSync,4,1354634,475076,367700.0,7,9,2024,0.774,0.05,18385.0,False,0.0,112886.17,131271.17,131271.17,77.4,Sep 2024
REP051,Pihu Sen,North,CloudCore,16,1113921,470407,302700.0,4,9,2024,0.6435,0.05,15135.0,False,0.0,92826.75,107961.75,107961.75,64.4,Sep 2024
REP052,Pihu Wali,West,CloudCore,22,962235,542788,638500.0,8,9,2024,1.1763,0.15,95775.0,False,0.0,80186.25,175961.25,175961.25,117.6,Sep 2024
REP053,Tiya Rege,East,DataSync,46,810430,353371,313000.0,6,9,2024,0.8858,0.1,31300.0,False,0.0,67535.83,98835.83,98835.83,88.6,Sep 2024
REP054,Faiyaz Din,South,DataSync,67,1026807,428065,473400.0,10,9,2024,1.1059,0.15,71010.0,False,0.0,85567.25,156577.25,156577.25,110.6,Sep 2024
REP055,Indranil Karan,West,CloudCore,14,903266,622075,686100.0,8,9,2024,1.1029,0.15,102915.0,False,0.0,75272.17,178187.17,178187.17,110.3,Sep 2024
REP056,Saira Vora,West,DataSync,3,896228,387439,252600.0,7,9,2024,0.652,0.05,12630.0,False,0.0,74685.67,87315.67,87315.67,65.2,Sep 2024
REP057,Damini Singh,East,DataSync,36,1034030,342357,258400.0,8,9,2024,0.7548,0.05,12920.0,False,0.0,86169.17,99089.17,99089.17,75.5,Sep 2024
REP058,Dishani Bera,East,SecureAPI,57,989239,497038,248200.0,3,9,2024,0.4994,0.0,0.0,False,0.0,82436.58,82436.58,82436.58,49.9,Sep 2024
REP059,Navya Kulkarni,North,CloudCore,22,878898,686046,929100.0,9,9,2024,1.3543,0.2,185820.0,True,46455.0,73241.5,305516.5,305516.5,135.4,Sep 2024
REP060,Indrans Grover,South,SecureAPI,21,1137151,462666,582200.0,10,9,2024,1.2584,0.2,116440.0,True,29110.0,94762.58,240312.58,240312.58,125.8,Sep 2024
REP061,Hrishita Sood,South,CloudCore,49,1073232,420916,517400.0,10,9,2024,1.2292,0.2,103480.0,False,0.0,89436.0,192916.0,192916.0,122.9,Sep 2024
REP062,Kismat Edwin,North,CloudCore,34,1020281,453893,395800.0,6,9,2024,0.872,0.1,39580.0,False,0.0,85023.42,124603.42,124603.42,87.2,Sep 2024
REP063,Advik Bhalla,South,DataSync,22,1176117,542683,507300.0,7,9,2024,0.9348,0.1,50730.0,False,0.0,98009.75,148739.75,148739.75,93.5,Sep 2024
REP064,Zara Dube,North,CloudCore,25,970395,616161,292000.0,1,9,2024,0.4739,0.0,0.0,False,0.0,80866.25,80866.25,80866.25,47.4,Sep 2024
REP065,Bhavin Dara,North,SecureAPI,55,1148321,560301,638700.0,10,9,2024,1.1399,0.15,95805.0,False,0.0,95693.42,191498.42,191498.42,114.0,Sep 2024
REP066,Dharmajan Setty,South,SecureAPI,37,1010222,391732,432700.0,6,9,2024,1.1046,0.15,64905.0,False,0.0,84185.17,149090.17,149090.17,110.5,Sep 2024
REP067,Darshit Sidhu,West,CloudCore,51,963346,420302,207900.0,2,9,2024,0.4946,0.0,0.0,False,0.0,80278.83,80278.83,80278.83,49.5,Sep 2024
REP068,Gokul Sahni,West,DataSync,28,1083238,514063,507000.0,6,9,2024,0.9863,0.1,50700.0,False,0.0,90269.83,140969.83,140969.83,98.6,Sep 2024
REP069,Ira Butala,East,DataSync,42,883321,515098,187900.0,3,9,2024,0.3648,0.0,0.0,False,0.0,73610.08,73610.08,73610.08,36.5,Sep 2024
REP070,Eva Viswanathan,North,SecureAPI,31,1038651,356203,347900.0,9,9,2024,0.9767,0.1,34790.0,False,0.0,86554.25,121344.25,121344.25,97.7,Sep 2024
REP071,Lakshit Madan,East,DataSync,45,908910,373034,392900.0,8,9,2024,1.0533,0.15,58935.0,False,0.0,75742.5,134677.5,134677.5,105.3,Sep 2024
REP072,Riya Dugal,West,SecureAPI,47,1142683,518160,355600.0,3,9,2024,0.6863,0.05,17780.0,False,0.0,95223.58,113003.58,113003.58,68.6,Sep 2024
REP073,Oorja Sachar,South,DataSync,6,1097235,330236,315500.0,8,9,2024,0.9554,0.1,31550.0,False,0.0,91436.25,122986.25,122986.25,95.5,Sep 2024
REP074,Advika Yogi,South,SecureAPI,25,1023903,502198,385000.0,4,9,2024,0.7666,0.05,19250.0,False,0.0,85325.25,104575.25,104575.25,76.7,Sep 2024
REP075,Fateh Dasgupta,South,DataSync,7,1028361,328417,228500.0,5,9,2024,0.6958,0.05,11425.0,False,0.0,85696.75,97121.75,97121.75,69.6,Sep 2024
REP076,Chirag Gara,North,CloudCore,43,1162479,628796,735100.0,11,9,2024,1.1691,0.15,110265.0,False,0.0,96873.25,207138.25,207138.25,116.9,Sep 2024
REP077,Khushi Malhotra,West,SecureAPI,17,1386265,450976,469400.0,6,9,2024,1.0409,0.15,70410.0,False,0.0,115522.08,185932.08,185932.08,104.1,Sep 2024
REP078,Khushi Choudhary,West,SecureAPI,35,1049312,361635,262700.0,6,9,2024,0.7264,0.05,13135.0,False,0.0,87442.67,100577.67,100577.67,72.6,Sep 2024
REP079,Devansh Sathe,West,DataSync,69,851773,542633,349000.0,5,9,2024,0.6432,0.05,17450.0,False,0.0,70981.08,88431.08,88431.08,64.3,Sep 2024
REP080,Manikya Bandi,East,SecureAPI,28,1060110,445478,308600.0,5,9,2024,0.6927,0.05,15430.0,False,0.0,88342.5,103772.5,103772.5,69.3,Sep 2024
REP001,Anay Shanker,South,DataSync,67,937330,539239,420500.0,8,10,2024,0.7798,0.05,21025.0,False,0.0,78110.83,99135.83,99135.83,78.0,Oct 2024
REP002,Nirvaan Choudhury,West,DataSync,67,1162942,459637,537000.0,10,10,2024,1.1683,0.15,80550.0,False,0.0,96911.83,177461.83,177461.83,116.8,Oct 2024
REP003,Sara Behl,West,CloudCore,23,1242077,682789,819900.0,9,10,2024,1.2008,0.2,163980.0,False,0.0,103506.42,267486.42,267486.42,120.1,Oct 2024
REP004,Kiara Kakar,East,CloudCore,70,1183621,400299,341400.0,4,10,2024,0.8529,0.1,34140.0,False,0.0,98635.08,132775.08,132775.08,85.3,Oct 2024
REP005,Aniruddh Batra,East,CloudCore,5,956170,458650,498500.0,7,10,2024,1.0869,0.15,74775.0,False,0.0,79680.83,154455.83,154455.83,108.7,Oct 2024
REP006,Mehul Krishnan,West,SecureAPI,33,1172451,365184,254600.0,6,10,2024,0.6972,0.05,12730.0,False,0.0,97704.25,110434.25,110434.25,69.7,Oct 2024
REP007,Jhanvi Chaudhary,North,SecureAPI,13,1394916,372453,397200.0,6,10,2024,1.0664,0.15,59580.0,False,0.0,116243.0,175823.0,175823.0,106.6,Oct 2024
REP008,Madhup Kapur,East,SecureAPI,11,1127831,549387,432000.0,8,10,2024,0.7863,0.05,21600.0,False,0.0,93985.92,115585.92,115585.92,78.6,Oct 2024
REP009,Zoya Virk,South,DataSync,19,881869,472949,468900.0,9,10,2024,0.9914,0.1,46890.0,False,0.0,73489.08,120379.08,120379.08,99.1,Oct 2024
REP010,Tara Swaminathan,West,CloudCore,24,1426510,538966,517100.0,7,10,2024,0.9594,0.1,51710.0,False,0.0,118875.83,170585.83,170585.83,95.9,Oct 2024
REP011,Rasha Kakar,West,CloudCore,57,1486059,511043,557200.0,10,10,2024,1.0903,0.15,83580.0,False,0.0,123838.25,207418.25,207418.25,109.0,Oct 2024
REP012,Ranbir Brahmbhatt,North,DataSync,42,1010922,404593,228000.0,3,10,2024,0.5635,0.05,11400.0,False,0.0,84243.5,95643.5,95643.5,56.4,Oct 2024
REP013,Tarini Ganguly,West,DataSync,59,1241559,535828,426800.0,4,10,2024,0.7965,0.05,21340.0,False,0.0,103463.25,124803.25,124803.25,79.6,Oct 2024
REP014,Divij Gupta,East,CloudCore,34,763441,517806,432500.0,7,10,2024,0.8353,0.1,43250.0,False,0.0,63620.08,106870.08,106870.08,83.5,Oct 2024
REP015,Taimur Vaidya,East,DataSync,32,711028,454256,642200.0,11,10,2024,1.4137,0.2,128440.0,True,32110.0,59252.33,219802.33,219802.33,141.4,Oct 2024
REP016,Lavanya Deo,East,CloudCore,10,737220,520031,586300.0,10,10,2024,1.1274,0.15,87945.0,False,0.0,61435.0,149380.0,149380.0,112.7,Oct 2024
REP017,Samiha Karpe,South,CloudCore,45,782938,437149,587800.0,8,10,2024,1.3446,0.2,117560.0,True,29390.0,65244.83,212194.83,212194.83,134.5,Oct 2024
REP018,Uthkarsh Baral,North,SecureAPI,65,1092004,406160,485800.0,8,10,2024,1.1961,0.15,72870.0,False,0.0,91000.33,163870.33,163870.33,119.6,Oct 2024
REP019,Mishti Ranganathan,North,DataSync,63,1398782,363700,468400.0,8,10,2024,1.2879,0.2,93680.0,False,0.0,116565.17,210245.17,210245.17,128.8,Oct 2024
REP020,Kashvi Char,South,SecureAPI,27,1176833,374726,336700.0,5,10,2024,0.8985,0.1,33670.0,False,0.0,98069.42,131739.42,131739.42,89.8,Oct 2024
REP021,Azad Sahota,East,SecureAPI,48,925994,461038,533300.0,9,10,2024,1.1567,0.15,79995.0,False,0.0,77166.17,157161.17,157161.17,115.7,Oct 2024
REP022,Trisha Dhillon,South,CloudCore,15,806802,431778,385200.0,8,10,2024,0.8921,0.1,38520.0,False,0.0,67233.5,105753.5,105753.5,89.2,Oct 2024
REP023,Mehul Verma,East,CloudCore,16,877892,530367,519800.0,5,10,2024,0.9801,0.1,51980.0,False,0.0,73157.67,125137.67,125137.67,98.0,Oct 2024
REP024,Vaibhav Dewan,West,CloudCore,60,1412336,473495,626900.0,8,10,2024,1.324,0.2,125380.0,True,31345.0,117694.67,274419.67,274419.67,132.4,Oct 2024
REP025,Myra Tiwari,West,SecureAPI,62,1142075,415485,471000.0,8,10,2024,1.1336,0.15,70650.0,False,0.0,95172.92,165822.92,165822.92,113.4,Oct 2024
REP026,Ishaan Goyal,North,DataSync,59,879046,511818,310200.0,6,10,2024,0.6061,0.05,15510.0,False,0.0,73253.83,88763.83,88763.83,60.6,Oct 2024
REP027,Lakshay Sampath,West,DataSync,15,1427057,313261,237900.0,5,10,2024,0.7594,0.05,11895.0,False,0.0,118921.42,130816.42,130816.42,75.9,Oct 2024
REP028,Rati Sanghvi,West,CloudCore,4,1416847,448896,432100.0,8,10,2024,0.9626,0.1,43210.0,False,0.0,118070.58,161280.58,161280.58,96.3,Oct 2024
REP029,Mahika Ravi,South,DataSync,24,997861,406539,254200.0,6,10,2024,0.6253,0.05,12710.0,False,0.0,83155.08,95865.08,95865.08,62.5,Oct 2024
REP030,Hazel Sethi,South,SecureAPI,54,974130,586569,513200.0,6,10,2024,0.8749,0.1,51320.0,False,0.0,81177.5,132497.5,132497.5,87.5,Oct 2024
REP031,Ishaan Kashyap,North,CloudCore,3,1197382,604693,749100.0,11,10,2024,1.2388,0.2,149820.0,False,0.0,99781.83,249601.83,249601.83,123.9,Oct 2024
REP032,Purab Reddy,West,SecureAPI,39,1327110,460888,406700.0,8,10,2024,0.8824,0.1,40670.0,False,0.0,110592.5,151262.5,151262.5,88.2,Oct 2024
REP033,Piya Gaba,South,DataSync,22,1260311,349780,326300.0,9,10,2024,0.9329,0.1,32630.0,False,0.0,105025.92,137655.92,137655.92,93.3,Oct 2024
REP034,Manikya Tara,East,CloudCore,72,730662,431959,520800.0,8,10,2024,1.2057,0.2,104160.0,False,0.0,60888.5,165048.5,165048.5,120.6,Oct 2024
REP035,Zara Dugar,North,SecureAPI,9,859942,503138,286000.0,5,10,2024,0.5684,0.05,14300.0,False,0.0,71661.83,85961.83,85961.83,56.8,Oct 2024
REP036,Priyansh Bali,North,CloudCore,23,1356926,429821,609400.0,9,10,2024,1.4178,0.2,121880.0,True,30470.0,113077.17,265427.17,265427.17,141.8,Oct 2024
REP037,Jiya Vora,East,SecureAPI,26,742001,367962,298400.0,7,10,2024,0.811,0.1,29840.0,False,0.0,61833.42,91673.42,91673.42,81.1,Oct 2024
REP038,Lakshit Sagar,North,CloudCore,54,1046629,462855,504000.0,10,10,2024,1.0889,0.15,75600.0,False,0.0,87219.08,162819.08,162819.08,108.9,Oct 2024
REP039,Vivaan Wagle,North,SecureAPI,34,1397347,501760,292900.0,5,10,2024,0.5837,0.05,14645.0,False,0.0,116445.58,131090.58,131090.58,58.4,Oct 2024
REP040,Hridaan Deo,South,SecureAPI,56,835965,522326,604900.0,9,10,2024,1.1581,0.15,90735.0,False,0.0,69663.75,160398.75,160398.75,115.8,Oct 2024
REP041,Nishith Sharma,East,SecureAPI,43,974088,595027,587100.0,5,10,2024,0.9867,0.1,58710.0,False,0.0,81174.0,139884.0,139884.0,98.7,Oct 2024
REP042,Siya Master,North,DataSync,33,1129445,369629,399300.0,8,10,2024,1.0803,0.15,59895.0,False,0.0,94120.42,154015.42,154015.42,108.0,Oct 2024
REP043,Keya Iyengar,South,CloudCore,61,1064569,565767,796600.0,10,10,2024,1.408,0.2,159320.0,True,39830.0,88714.08,287864.08,287864.08,140.8,Oct 2024
REP044,Madhup Biswas,South,DataSync,4,826066,420136,299100.0,6,10,2024,0.7119,0.05,14955.0,False,0.0,68838.83,83793.83,83793.83,71.2,Oct 2024
REP045,Divij Shroff,North,DataSync,15,1390341,319204,388900.0,10,10,2024,1.2183,0.2,77780.0,False,0.0,115861.75,193641.75,193641.75,121.8,Oct 2024
REP046,Faiyaz Bose,South,SecureAPI,36,1280458,384722,373000.0,6,10,2024,0.9695,0.1,37300.0,False,0.0,106704.83,144004.83,144004.83,97.0,Oct 2024
REP047,Vritika Sangha,East,SecureAPI,11,1161826,580495,419200.0,5,10,2024,0.7221,0.05,20960.0,False,0.0,96818.83,117778.83,117778.83,72.2,Oct 2024
REP048,Kimaya Balay,East,CloudCore,23,849415,629734,819900.0,8,10,2024,1.302,0.2,163980.0,False,0.0,70784.58,234764.58,234764.58,130.2,Oct 2024
REP049,Vaibhav Raju,East,DataSync,41,1068857,460347,286600.0,4,10,2024,0.6226,0.05,14330.0,False,0.0,89071.42,103401.42,103401.42,62.3,Oct 2024
REP050,Eva Dass,North,DataSync,4,1354634,475076,490500.0,10,10,2024,1.0325,0.15,73575.0,False,0.0,112886.17,186461.17,186461.17,103.2,Oct 2024
REP051,Pihu Sen,North,CloudCore,16,1113921,470407,398400.0,6,10,2024,0.8469,0.1,39840.0,False,0.0,92826.75,132666.75,132666.75,84.7,Oct 2024
REP052,Pihu Wali,West,CloudCore,22,962235,542788,536500.0,5,10,2024,0.9884,0.1,53650.0,False,0.0,80186.25,133836.25,133836.25,98.8,Oct 2024
REP053,Tiya Rege,East,DataSync,46,810430,353371,406000.0,10,10,2024,1.1489,0.15,60900.0,False,0.0,67535.83,128435.83,128435.83,114.9,Oct 2024
REP054,Faiyaz Din,South,DataSync,67,1026807,428065,511400.0,9,10,2024,1.1947,0.15,76710.0,False,0.0,85567.25,162277.25,162277.25,119.5,Oct 2024
REP055,Indranil Karan,West,CloudCore,14,903266,622075,713900.0,8,10,2024,1.1476,0.15,107085.0,False,0.0,75272.17,182357.17,182357.17,114.8,Oct 2024
REP056,Saira Vora,West,DataSync,3,896228,387439,179900.0,1,10,2024,0.4643,0.0,0.0,False,0.0,74685.67,74685.67,74685.67,46.4,Oct 2024
REP057,Damini Singh,East,DataSync,36,1034030,342357,207400.0,5,10,2024,0.6058,0.05,10370.0,False,0.0,86169.17,96539.17,96539.17,60.6,Oct 2024
REP058,Dishani Bera,East,SecureAPI,57,989239,497038,341200.0,3,10,2024,0.6865,0.05,17060.0,False,0.0,82436.58,99496.58,99496.58,68.6,Oct 2024
REP059,Navya Kulkarni,North,CloudCore,22,878898,686046,902100.0,9,10,2024,1.3149,0.2,180420.0,False,0.0,73241.5,253661.5,253661.5,131.5,Oct 2024
REP060,Indrans Grover,South,SecureAPI,21,1137151,462666,637200.0,13,10,2024,1.3772,0.2,127440.0,True,31860.0,94762.58,254062.58,254062.58,137.7,Oct 2024
REP061,Hrishita Sood,South,CloudCore,49,1073232,420916,563000.0,8,10,2024,1.3376,0.2,112600.0,True,28150.0,89436.0,230186.0,230186.0,133.8,Oct 2024
REP062,Kismat Edwin,North,CloudCore,34,1020281,453893,228600.0,2,10,2024,0.5036,0.05,11430.0,False,0.0,85023.42,96453.42,96453.42,50.4,Oct 2024
REP063,Advik Bhalla,South,DataSync,22,1176117,542683,605100.0,8,10,2024,1.115,0.15,90765.0,False,0.0,98009.75,188774.75,188774.75,111.5,Oct 2024
REP064,Zara Dube,North,CloudCore,25,970395,616161,511800.0,5,10,2024,0.8306,0.1,51180.0,False,0.0,80866.25,132046.25,132046.25,83.1,Oct 2024
REP065,Bhavin Dara,North,SecureAPI,55,1148321,560301,768600.0,9,10,2024,1.3718,0.2,153720.0,True,38430.0,95693.42,287843.42,287843.42,137.2,Oct 2024
REP066,Dharmajan Setty,South,SecureAPI,37,1010222,391732,473700.0,11,10,2024,1.2092,0.2,94740.0,False,0.0,84185.17,178925.17,178925.17,120.9,Oct 2024
REP067,Darshit Sidhu,West,CloudCore,51,963346,420302,364900.0,5,10,2024,0.8682,0.1,36490.0,False,0.0,80278.83,116768.83,116768.83,86.8,Oct 2024
REP068,Gokul Sahni,West,DataSync,28,1083238,514063,413900.0,4,10,2024,0.8052,0.1,41390.0,False,0.0,90269.83,131659.83,131659.83,80.5,Oct 2024
REP069,Ira Butala,East,DataSync,42,883321,515098,368900.0,7,10,2024,0.7162,0.05,18445.0,False,0.0,73610.08,92055.08,92055.08,71.6,Oct 2024
REP070,Eva Viswanathan,North,SecureAPI,31,1038651,356203,159900.0,2,10,2024,0.4489,0.0,0.0,False,0.0,86554.25,86554.25,86554.25,44.9,Oct 2024
REP071,Lakshit Madan,East,DataSync,45,908910,373034,418400.0,10,10,2024,1.1216,0.15,62760.0,False,0.0,75742.5,138502.5,138502.5,112.2,Oct 2024
REP072,Riya Dugal,West,SecureAPI,47,1142683,518160,395300.0,5,10,2024,0.7629,0.05,19765.0,False,0.0,95223.58,114988.58,114988.58,76.3,Oct 2024
REP073,Oorja Sachar,South,DataSync,6,1097235,330236,363400.0,7,10,2024,1.1004,0.15,54510.0,False,0.0,91436.25,145946.25,145946.25,110.0,Oct 2024
REP074,Advika Yogi,South,SecureAPI,25,1023903,502198,257900.0,4,10,2024,0.5135,0.05,12895.0,False,0.0,85325.25,98220.25,98220.25,51.4,Oct 2024
REP075,Fateh Dasgupta,South,DataSync,7,1028361,328417,179400.0,3,10,2024,0.5463,0.05,8970.0,False,0.0,85696.75,94666.75,94666.75,54.6,Oct 2024
REP076,Chirag Gara,North,CloudCore,43,1162479,628796,758000.0,11,10,2024,1.2055,0.2,151600.0,False,0.0,96873.25,248473.25,248473.25,120.6,Oct 2024
REP077,Khushi Malhotra,West,SecureAPI,17,1386265,450976,477400.0,6,10,2024,1.0586,0.15,71610.0,False,0.0,115522.08,187132.08,187132.08,105.9,Oct 2024
REP078,Khushi Choudhary,West,SecureAPI,35,1049312,361635,304700.0,6,10,2024,0.8426,0.1,30470.0,False,0.0,87442.67,117912.67,117912.67,84.3,Oct 2024
REP079,Devansh Sathe,West,DataSync,69,851773,542633,397600.0,4,10,2024,0.7327,0.05,19880.0,False,0.0,70981.08,90861.08,90861.08,73.3,Oct 2024
REP080,Manikya Bandi,East,SecureAPI,28,1060110,445478,326500.0,4,10,2024,0.7329,0.05,16325.0,False,0.0,88342.5,104667.5,104667.5,73.3,Oct 2024
REP001,Anay Shanker,South,DataSync,67,937330,539239,503200.0,9,11,2024,0.9332,0.1,50320.0,False,0.0,78110.83,128430.83,128430.83,93.3,Nov 2024
REP002,Nirvaan Choudhury,West,DataSync,67,1162942,459637,617600.0,10,11,2024,1.3437,0.2,123520.0,False,0.0,96911.83,220431.83,220431.83,134.4,Nov 2024
REP003,Sara Behl,West,CloudCore,23,1242077,682789,956900.0,10,11,2024,1.4015,0.2,191380.0,True,47845.0,103506.42,342731.42,342731.42,140.2,Nov 2024
REP004,Kiara Kakar,East,CloudCore,70,1183621,400299,274300.0,3,11,2024,0.6852,0.05,13715.0,False,0.0,98635.08,112350.08,112350.08,68.5,Nov 2024
REP005,Aniruddh Batra,East,CloudCore,5,956170,458650,485900.0,6,11,2024,1.0594,0.15,72885.0,False,0.0,79680.83,152565.83,152565.83,105.9,Nov 2024
REP006,Mehul Krishnan,West,SecureAPI,33,1172451,365184,260100.0,4,11,2024,0.7122,0.05,13005.0,False,0.0,97704.25,110709.25,110709.25,71.2,Nov 2024
REP007,Jhanvi Chaudhary,North,SecureAPI,13,1394916,372453,429200.0,7,11,2024,1.1524,0.15,64380.0,False,0.0,116243.0,180623.0,180623.0,115.2,Nov 2024
REP008,Madhup Kapur,East,SecureAPI,11,1127831,549387,374800.0,5,11,2024,0.6822,0.05,18740.0,False,0.0,93985.92,112725.92,112725.92,68.2,Nov 2024
REP009,Zoya Virk,South,DataSync,19,881869,472949,614300.0,9,11,2024,1.2989,0.2,122860.0,False,0.0,73489.08,196349.08,196349.08,129.9,Nov 2024
REP010,Tara Swaminathan,West,CloudCore,24,1426510,538966,535900.0,9,11,2024,0.9943,0.1,53590.0,False,0.0,118875.83,172465.83,172465.83,99.4,Nov 2024
REP011,Rasha Kakar,West,CloudCore,57,1486059,511043,559400.0,8,11,2024,1.0946,0.15,83910.0,False,0.0,123838.25,207748.25,207748.25,109.5,Nov 2024
REP012,Ranbir Brahmbhatt,North,DataSync,42,1010922,404593,278800.0,3,11,2024,0.6891,0.05,13940.0,False,0.0,84243.5,98183.5,98183.5,68.9,Nov 2024
REP013,Tarini Ganguly,West,DataSync,59,1241559,535828,548200.0,7,11,2024,1.0231,0.15,82230.0,False,0.0,103463.25,185693.25,185693.25,102.3,Nov 2024
REP014,Divij Gupta,East,CloudCore,34,763441,517806,594900.0,9,11,2024,1.1489,0.15,89235.0,False,0.0,63620.08,152855.08,152855.08,114.9,Nov 2024
REP015,Taimur Vaidya,East,DataSync,32,711028,454256,676800.0,9,11,2024,1.4899,0.2,135360.0,True,33840.0,59252.33,228452.33,228452.33,149.0,Nov 2024
REP016,Lavanya Deo,East,CloudCore,10,737220,520031,473600.0,6,11,2024,0.9107,0.1,47360.0,False,0.0,61435.0,108795.0,108795.0,91.1,Nov 2024
REP017,Samiha Karpe,South,CloudCore,45,782938,437149,619700.0,12,11,2024,1.4176,0.2,123940.0,True,30985.0,65244.83,220169.83,220169.83,141.8,Nov 2024
REP018,Uthkarsh Baral,North,SecureAPI,65,1092004,406160,506500.0,11,11,2024,1.247,0.2,101300.0,False,0.0,91000.33,192300.33,192300.33,124.7,Nov 2024
REP019,Mishti Ranganathan,North,DataSync,63,1398782,363700,411900.0,7,11,2024,1.1325,0.15,61785.0,False,0.0,116565.17,178350.17,178350.17,113.2,Nov 2024
REP020,Kashvi Char,South,SecureAPI,27,1176833,374726,358100.0,5,11,2024,0.9556,0.1,35810.0,False,0.0,98069.42,133879.42,133879.42,95.6,Nov 2024
REP021,Azad Sahota,East,SecureAPI,48,925994,461038,619400.0,11,11,2024,1.3435,0.2,123880.0,False,0.0,77166.17,201046.17,201046.17,134.4,Nov 2024
REP022,Trisha Dhillon,South,CloudCore,15,806802,431778,570200.0,11,11,2024,1.3206,0.2,114040.0,False,0.0,67233.5,181273.5,181273.5,132.1,Nov 2024
REP023,Mehul Verma,East,CloudCore,16,877892,530367,767200.0,11,11,2024,1.4465,0.2,153440.0,True,38360.0,73157.67,264957.67,264957.67,144.6,Nov 2024
REP024,Vaibhav Dewan,West,CloudCore,60,1412336,473495,643100.0,12,11,2024,1.3582,0.2,128620.0,False,0.0,117694.67,246314.67,246314.67,135.8,Nov 2024
REP025,Myra Tiwari,West,SecureAPI,62,1142075,415485,439500.0,10,11,2024,1.0578,0.15,65925.0,False,0.0,95172.92,161097.92,161097.92,105.8,Nov 2024
REP026,Ishaan Goyal,North,DataSync,59,879046,511818,524200.0,6,11,2024,1.0242,0.15,78630.0,False,0.0,73253.83,151883.83,151883.83,102.4,Nov 2024
REP027,Lakshay Sampath,West,DataSync,15,1427057,313261,327900.0,9,11,2024,1.0467,0.15,49185.0,False,0.0,118921.42,168106.42,168106.42,104.7,Nov 2024
REP028,Rati Sanghvi,West,CloudCore,4,1416847,448896,470000.0,10,11,2024,1.047,0.15,70500.0,False,0.0,118070.58,188570.58,188570.58,104.7,Nov 2024
REP029,Mahika Ravi,South,DataSync,24,997861,406539,281600.0,4,11,2024,0.6927,0.05,14080.0,False,0.0,83155.08,97235.08,97235.08,69.3,Nov 2024
REP030,Hazel Sethi,South,SecureAPI,54,974130,586569,634100.0,10,11,2024,1.081,0.15,95115.0,False,0.0,81177.5,176292.5,176292.5,108.1,Nov 2024
REP031,Ishaan Kashyap,North,CloudCore,3,1197382,604693,765200.0,8,11,2024,1.2654,0.2,153040.0,False,0.0,99781.83,252821.83,252821.83,126.5,Nov 2024
REP032,Purab Reddy,West,SecureAPI,39,1327110,460888,456700.0,9,11,2024,0.9909,0.1,45670.0,False,0.0,110592.5,156262.5,156262.5,99.1,Nov 2024
REP033,Piya Gaba,South,DataSync,22,1260311,349780,342400.0,7,11,2024,0.9789,0.1,34240.0,False,0.0,105025.92,139265.92,139265.92,97.9,Nov 2024
REP034,Manikya Tara,East,CloudCore,72,730662,431959,437300.0,9,11,2024,1.0124,0.15,65595.0,False,0.0,60888.5,126483.5,126483.5,101.2,Nov 2024
REP035,Zara Dugar,North,SecureAPI,9,859942,503138,382800.0,4,11,2024,0.7608,0.05,19140.0,False,0.0,71661.83,90801.83,90801.83,76.1,Nov 2024
REP036,Priyansh Bali,North,CloudCore,23,1356926,429821,496100.0,7,11,2024,1.1542,0.15,74415.0,False,0.0,113077.17,187492.17,187492.17,115.4,Nov 2024
REP037,Jiya Vora,East,SecureAPI,26,742001,367962,383200.0,9,11,2024,1.0414,0.15,57480.0,False,0.0,61833.42,119313.42,119313.42,104.1,Nov 2024
REP038,Lakshit Sagar,North,CloudCore,54,1046629,462855,453400.0,8,11,2024,0.9796,0.1,45340.0,False,0.0,87219.08,132559.08,132559.08,98.0,Nov 2024
REP039,Vivaan Wagle,North,SecureAPI,34,1397347,501760,472300.0,8,11,2024,0.9413,0.1,47230.0,False,0.0,116445.58,163675.58,163675.58,94.1,Nov 2024
REP040,Hridaan Deo,South,SecureAPI,56,835965,522326,569700.0,6,11,2024,1.0907,0.15,85455.0,False,0.0,69663.75,155118.75,155118.75,109.1,Nov 2024
REP041,Nishith Sharma,East,SecureAPI,43,974088,595027,662900.0,9,11,2024,1.1141,0.15,99435.0,False,0.0,81174.0,180609.0,180609.0,111.4,Nov 2024
REP042,Siya Master,North,DataSync,33,1129445,369629,449700.0,10,11,2024,1.2166,0.2,89940.0,False,0.0,94120.42,184060.42,184060.42,121.7,Nov 2024
REP043,Keya Iyengar,South,CloudCore,61,1064569,565767,544300.0,5,11,2024,0.9621,0.1,54430.0,False,0.0,88714.08,143144.08,143144.08,96.2,Nov 2024
REP044,Madhup Biswas,South,DataSync,4,826066,420136,350700.0,4,11,2024,0.8347,0.1,35070.0,False,0.0,68838.83,103908.83,103908.83,83.5,Nov 2024
REP045,Divij Shroff,North,DataSync,15,1390341,319204,365400.0,9,11,2024,1.1447,0.15,54810.0,False,0.0,115861.75,170671.75,170671.75,114.5,Nov 2024
REP046,Faiyaz Bose,South,SecureAPI,36,1280458,384722,458100.0,11,11,2024,1.1907,0.15,68715.0,False,0.0,106704.83,175419.83,175419.83,119.1,Nov 2024
REP047,Vritika Sangha,East,SecureAPI,11,1161826,580495,475000.0,5,11,2024,0.8183,0.1,47500.0,False,0.0,96818.83,144318.83,144318.83,81.8,Nov 2024
REP048,Kimaya Balay,East,CloudCore,23,849415,629734,924900.0,9,11,2024,1.4687,0.2,184980.0,True,46245.0,70784.58,302009.58,302009.58,146.9,Nov 2024
REP049,Vaibhav Raju,East,DataSync,41,1068857,460347,301100.0,4,11,2024,0.6541,0.05,15055.0,False,0.0,89071.42,104126.42,104126.42,65.4,Nov 2024
REP050,Eva Dass,North,DataSync,4,1354634,475076,319700.0,5,11,2024,0.6729,0.05,15985.0,False,0.0,112886.17,128871.17,128871.17,67.3,Nov 2024
REP051,Pihu Sen,North,CloudCore,16,1113921,470407,308900.0,7,11,2024,0.6567,0.05,15445.0,False,0.0,92826.75,108271.75,108271.75,65.7,Nov 2024
REP052,Pihu Wali,West,CloudCore,22,962235,542788,565800.0,10,11,2024,1.0424,0.15,84870.0,False,0.0,80186.25,165056.25,165056.25,104.2,Nov 2024
REP053,Tiya Rege,East,DataSync,46,810430,353371,364200.0,10,11,2024,1.0306,0.15,54630.0,False,0.0,67535.83,122165.83,122165.83,103.1,Nov 2024
REP054,Faiyaz Din,South,DataSync,67,1026807,428065,551900.0,10,11,2024,1.2893,0.2,110380.0,False,0.0,85567.25,195947.25,195947.25,128.9,Nov 2024
REP055,Indranil Karan,West,CloudCore,14,903266,622075,822500.0,11,11,2024,1.3222,0.2,164500.0,False,0.0,75272.17,239772.17,239772.17,132.2,Nov 2024
REP056,Saira Vora,West,DataSync,3,896228,387439,258000.0,7,11,2024,0.6659,0.05,12900.0,False,0.0,74685.67,87585.67,87585.67,66.6,Nov 2024
REP057,Damini Singh,East,DataSync,36,1034030,342357,212100.0,6,11,2024,0.6195,0.05,10605.0,False,0.0,86169.17,96774.17,96774.17,62.0,Nov 2024
REP058,Dishani Bera,East,SecureAPI,57,989239,497038,422700.0,6,11,2024,0.8504,0.1,42270.0,False,0.0,82436.58,124706.58,124706.58,85.0,Nov 2024
REP059,Navya Kulkarni,North,CloudCore,22,878898,686046,919500.0,11,11,2024,1.3403,0.2,183900.0,False,0.0,73241.5,257141.5,257141.5,134.0,Nov 2024
REP060,Indrans Grover,South,SecureAPI,21,1137151,462666,671900.0,13,11,2024,1.4522,0.2,134380.0,True,33595.0,94762.58,262737.58,262737.58,145.2,Nov 2024
REP061,Hrishita Sood,South,CloudCore,49,1073232,420916,594100.0,13,11,2024,1.4114,0.2,118820.0,True,29705.0,89436.0,237961.0,237961.0,141.1,Nov 2024
REP062,Kismat Edwin,North,CloudCore,34,1020281,453893,226400.0,4,11,2024,0.4988,0.0,0.0,False,0.0,85023.42,85023.42,85023.42,49.9,Nov 2024
REP063,Advik Bhalla,South,DataSync,22,1176117,542683,727300.0,8,11,2024,1.3402,0.2,145460.0,False,0.0,98009.75,243469.75,243469.75,134.0,Nov 2024
REP064,Zara Dube,North,CloudCore,25,970395,616161,668500.0,6,11,2024,1.0849,0.15,100275.0,False,0.0,80866.25,181141.25,181141.25,108.5,Nov 2024
REP065,Bhavin Dara,North,SecureAPI,55,1148321,560301,747800.0,12,11,2024,1.3346,0.2,149560.0,False,0.0,95693.42,245253.42,245253.42,133.5,Nov 2024
REP066,Dharmajan Setty,South,SecureAPI,37,1010222,391732,417600.0,7,11,2024,1.066,0.15,62640.0,False,0.0,84185.17,146825.17,146825.17,106.6,Nov 2024
REP067,Darshit Sidhu,West,CloudCore,51,963346,420302,343600.0,7,11,2024,0.8175,0.1,34360.0,False,0.0,80278.83,114638.83,114638.83,81.8,Nov 2024
REP068,Gokul Sahni,West,DataSync,28,1083238,514063,424700.0,7,11,2024,0.8262,0.1,42470.0,False,0.0,90269.83,132739.83,132739.83,82.6,Nov 2024
REP069,Ira Butala,East,DataSync,42,883321,515098,455100.0,6,11,2024,0.8835,0.1,45510.0,False,0.0,73610.08,119120.08,119120.08,88.4,Nov 2024
REP070,Eva Viswanathan,North,SecureAPI,31,1038651,356203,399900.0,9,11,2024,1.1227,0.15,59985.0,False,0.0,86554.25,146539.25,146539.25,112.3,Nov 2024
REP071,Lakshit Madan,East,DataSync,45,908910,373034,408800.0,8,11,2024,1.0959,0.15,61320.0,False,0.0,75742.5,137062.5,137062.5,109.6,Nov 2024
REP072,Riya Dugal,West,SecureAPI,47,1142683,518160,324200.0,6,11,2024,0.6257,0.05,16210.0,False,0.0,95223.58,111433.58,111433.58,62.6,Nov 2024
REP073,Oorja Sachar,South,DataSync,6,1097235,330236,305700.0,8,11,2024,0.9257,0.1,30570.0,False,0.0,91436.25,122006.25,122006.25,92.6,Nov 2024
REP074,Advika Yogi,South,SecureAPI,25,1023903,502198,320200.0,6,11,2024,0.6376,0.05,16010.0,False,0.0,85325.25,101335.25,101335.25,63.8,Nov 2024
REP075,Fateh Dasgupta,South,DataSync,7,1028361,328417,250000.0,4,11,2024,0.7612,0.05,12500.0,False,0.0,85696.75,98196.75,98196.75,76.1,Nov 2024
REP076,Chirag Gara,North,CloudCore,43,1162479,628796,864700.0,11,11,2024,1.3752,0.2,172940.0,True,43235.0,96873.25,313048.25,313048.25,137.5,Nov 2024
REP077,Khushi Malhotra,West,SecureAPI,17,1386265,450976,472500.0,9,11,2024,1.0477,0.15,70875.0,False,0.0,115522.08,186397.08,186397.08,104.8,Nov 2024
REP078,Khushi Choudhary,West,SecureAPI,35,1049312,361635,291700.0,6,11,2024,0.8066,0.1,29170.0,False,0.0,87442.67,116612.67,116612.67,80.7,Nov 2024
REP079,Devansh Sathe,West,DataSync,69,851773,542633,414600.0,6,11,2024,0.7641,0.05,20730.0,False,0.0,70981.08,91711.08,91711.08,76.4,Nov 2024
REP080,Manikya Bandi,East,SecureAPI,28,1060110,445478,435400.0,7,11,2024,0.9774,0.1,43540.0,False,0.0,88342.5,131882.5,131882.5,97.7,Nov 2024
REP001,Anay Shanker,South,DataSync,67,937330,539239,749100.0,10,12,2024,1.3892,0.2,149820.0,False,0.0,78110.83,227930.83,227930.83,138.9,Dec 2024
REP002,Nirvaan Choudhury,West,DataSync,67,1162942,459637,705800.0,13,12,2024,1.5356,0.2,141160.0,False,0.0,96911.83,238071.83,238071.83,153.6,Dec 2024
REP003,Sara Behl,West,CloudCore,23,1242077,682789,1051600.0,10,12,2024,1.5402,0.2,210320.0,False,0.0,103506.42,313826.42,313826.42,154.0,Dec 2024
REP004,Kiara Kakar,East,CloudCore,70,1183621,400299,435900.0,6,12,2024,1.0889,0.15,65385.0,False,0.0,98635.08,164020.08,164020.08,108.9,Dec 2024
REP005,Aniruddh Batra,East,CloudCore,5,956170,458650,638900.0,9,12,2024,1.393,0.2,127780.0,False,0.0,79680.83,207460.83,207460.83,139.3,Dec 2024
REP006,Mehul Krishnan,West,SecureAPI,33,1172451,365184,457000.0,8,12,2024,1.2514,0.2,91400.0,False,0.0,97704.25,189104.25,189104.25,125.1,Dec 2024
REP007,Jhanvi Chaudhary,North,SecureAPI,13,1394916,372453,512900.0,12,12,2024,1.3771,0.2,102580.0,False,0.0,116243.0,218823.0,218823.0,137.7,Dec 2024
REP008,Madhup Kapur,East,SecureAPI,11,1127831,549387,442100.0,4,12,2024,0.8047,0.1,44210.0,False,0.0,93985.92,138195.92,138195.92,80.5,Dec 2024
REP009,Zoya Virk,South,DataSync,19,881869,472949,651800.0,11,12,2024,1.3782,0.2,130360.0,False,0.0,73489.08,203849.08,203849.08,137.8,Dec 2024
REP010,Tara Swaminathan,West,CloudCore,24,1426510,538966,788000.0,10,12,2024,1.4621,0.2,157600.0,False,0.0,118875.83,276475.83,276475.83,146.2,Dec 2024
REP011,Rasha Kakar,West,CloudCore,57,1486059,511043,723300.0,13,12,2024,1.4153,0.2,144660.0,False,0.0,123838.25,268498.25,268498.25,141.5,Dec 2024
REP012,Ranbir Brahmbhatt,North,DataSync,42,1010922,404593,396600.0,5,12,2024,0.9802,0.1,39660.0,False,0.0,84243.5,123903.5,123903.5,98.0,Dec 2024
REP013,Tarini Ganguly,West,DataSync,59,1241559,535828,585900.0,10,12,2024,1.0934,0.15,87885.0,False,0.0,103463.25,191348.25,191348.25,109.3,Dec 2024
REP014,Divij Gupta,East,CloudCore,34,763441,517806,762200.0,13,12,2024,1.472,0.2,152440.0,False,0.0,63620.08,216060.08,216060.08,147.2,Dec 2024
REP015,Taimur Vaidya,East,DataSync,32,711028,454256,791400.0,15,12,2024,1.7422,0.2,158280.0,True,39570.0,59252.33,257102.33,257102.33,174.2,Dec 2024
REP016,Lavanya Deo,East,CloudCore,10,737220,520031,721600.0,11,12,2024,1.3876,0.2,144320.0,False,0.0,61435.0,205755.0,205755.0,138.8,Dec 2024
REP017,Samiha Karpe,South,CloudCore,45,782938,437149,688500.0,10,12,2024,1.575,0.2,137700.0,True,34425.0,65244.83,237369.83,237369.83,157.5,Dec 2024
REP018,Uthkarsh Baral,North,SecureAPI,65,1092004,406160,530600.0,11,12,2024,1.3064,0.2,106120.0,False,0.0,91000.33,197120.33,197120.33,130.6,Dec 2024
REP019,Mishti Ranganathan,North,DataSync,63,1398782,363700,537500.0,11,12,2024,1.4779,0.2,107500.0,False,0.0,116565.17,224065.17,224065.17,147.8,Dec 2024
REP020,Kashvi Char,South,SecureAPI,27,1176833,374726,266800.0,6,12,2024,0.712,0.05,13340.0,False,0.0,98069.42,111409.42,111409.42,71.2,Dec 2024
REP021,Azad Sahota,East,SecureAPI,48,925994,461038,752800.0,11,12,2024,1.6328,0.2,150560.0,True,37640.0,77166.17,265366.17,265366.17,163.3,Dec 2024
REP022,Trisha Dhillon,South,CloudCore,15,806802,431778,526200.0,9,12,2024,1.2187,0.2,105240.0,False,0.0,67233.5,172473.5,172473.5,121.9,Dec 2024
REP023,Mehul Verma,East,CloudCore,16,877892,530367,682700.0,12,12,2024,1.2872,0.2,136540.0,False,0.0,73157.67,209697.67,209697.67,128.7,Dec 2024
REP024,Vaibhav Dewan,West,CloudCore,60,1412336,473495,819700.0,13,12,2024,1.7312,0.2,163940.0,True,40985.0,117694.67,322619.67,322619.67,173.1,Dec 2024
REP025,Myra Tiwari,West,SecureAPI,62,1142075,415485,545700.0,10,12,2024,1.3134,0.2,109140.0,False,0.0,95172.92,204312.92,204312.92,131.3,Dec 2024
REP026,Ishaan Goyal,North,DataSync,59,879046,511818,453900.0,5,12,2024,0.8868,0.1,45390.0,False,0.0,73253.83,118643.83,118643.83,88.7,Dec 2024
REP027,Lakshay Sampath,West,DataSync,15,1427057,313261,188600.0,6,12,2024,0.6021,0.05,9430.0,False,0.0,118921.42,128351.42,128351.42,60.2,Dec 2024
REP028,Rati Sanghvi,West,CloudCore,4,1416847,448896,630000.0,13,12,2024,1.4034,0.2,126000.0,False,0.0,118070.58,244070.58,244070.58,140.3,Dec 2024
REP029,Mahika Ravi,South,DataSync,24,997861,406539,409900.0,7,12,2024,1.0083,0.15,61485.0,False,0.0,83155.08,144640.08,144640.08,100.8,Dec 2024
REP030,Hazel Sethi,South,SecureAPI,54,974130,586569,957800.0,12,12,2024,1.6329,0.2,191560.0,True,47890.0,81177.5,320627.5,320627.5,163.3,Dec 2024
REP031,Ishaan Kashyap,North,CloudCore,3,1197382,604693,943200.0,13,12,2024,1.5598,0.2,188640.0,False,0.0,99781.83,288421.83,288421.83,156.0,Dec 2024
REP032,Purab Reddy,West,SecureAPI,39,1327110,460888,607500.0,9,12,2024,1.3181,0.2,121500.0,False,0.0,110592.5,232092.5,232092.5,131.8,Dec 2024
REP033,Piya Gaba,South,DataSync,22,1260311,349780,462700.0,8,12,2024,1.3228,0.2,92540.0,False,0.0,105025.92,197565.92,197565.92,132.3,Dec 2024
REP034,Manikya Tara,East,CloudCore,72,730662,431959,664400.0,12,12,2024,1.5381,0.2,132880.0,False,0.0,60888.5,193768.5,193768.5,153.8,Dec 2024
REP035,Zara Dugar,North,SecureAPI,9,859942,503138,431800.0,8,12,2024,0.8582,0.1,43180.0,False,0.0,71661.83,114841.83,114841.83,85.8,Dec 2024
REP036,Priyansh Bali,North,CloudCore,23,1356926,429821,570700.0,10,12,2024,1.3278,0.2,114140.0,False,0.0,113077.17,227217.17,227217.17,132.8,Dec 2024
REP037,Jiya Vora,East,SecureAPI,26,742001,367962,368200.0,6,12,2024,1.0006,0.15,55230.0,False,0.0,61833.42,117063.42,117063.42,100.1,Dec 2024
REP038,Lakshit Sagar,North,CloudCore,54,1046629,462855,607600.0,10,12,2024,1.3127,0.2,121520.0,False,0.0,87219.08,208739.08,208739.08,131.3,Dec 2024
REP039,Vivaan Wagle,North,SecureAPI,34,1397347,501760,394900.0,8,12,2024,0.787,0.05,19745.0,False,0.0,116445.58,136190.58,136190.58,78.7,Dec 2024
REP040,Hridaan Deo,South,SecureAPI,56,835965,522326,686300.0,9,12,2024,1.3139,0.2,137260.0,False,0.0,69663.75,206923.75,206923.75,131.4,Dec 2024
REP041,Nishith Sharma,East,SecureAPI,43,974088,595027,866600.0,12,12,2024,1.4564,0.2,173320.0,False,0.0,81174.0,254494.0,254494.0,145.6,Dec 2024
REP042,Siya Master,North,DataSync,33,1129445,369629,412600.0,10,12,2024,1.1163,0.15,61890.0,False,0.0,94120.42,156010.42,156010.42,111.6,Dec 2024
REP043,Keya Iyengar,South,CloudCore,61,1064569,565767,737800.0,12,12,2024,1.3041,0.2,147560.0,False,0.0,88714.08,236274.08,236274.08,130.4,Dec 2024
REP044,Madhup Biswas,South,DataSync,4,826066,420136,309100.0,7,12,2024,0.7357,0.05,15455.0,False,0.0,68838.83,84293.83,84293.83,73.6,Dec 2024
REP045,Divij Shroff,North,DataSync,15,1390341,319204,471200.0,13,12,2024,1.4762,0.2,94240.0,False,0.0,115861.75,210101.75,210101.75,147.6,Dec 2024
REP046,Faiyaz Bose,South,SecureAPI,36,1280458,384722,398500.0,6,12,2024,1.0358,0.15,59775.0,False,0.0,106704.83,166479.83,166479.83,103.6,Dec 2024
REP047,Vritika Sangha,East,SecureAPI,11,1161826,580495,443700.0,8,12,2024,0.7643,0.05,22185.0,False,0.0,96818.83,119003.83,119003.83,76.4,Dec 2024
REP048,Kimaya Balay,East,CloudCore,23,849415,629734,846100.0,10,12,2024,1.3436,0.2,169220.0,False,0.0,70784.58,240004.58,240004.58,134.4,Dec 2024
REP049,Vaibhav Raju,East,DataSync,41,1068857,460347,549900.0,7,12,2024,1.1945,0.15,82485.0,False,0.0,89071.42,171556.42,171556.42,119.4,Dec 2024
REP050,Eva Dass,North,DataSync,4,1354634,475076,410600.0,5,12,2024,0.8643,0.1,41060.0,False,0.0,112886.17,153946.17,153946.17,86.4,Dec 2024
REP051,Pihu Sen,North,CloudCore,16,1113921,470407,359900.0,6,12,2024,0.7651,0.05,17995.0,False,0.0,92826.75,110821.75,110821.75,76.5,Dec 2024
REP052,Pihu Wali,West,CloudCore,22,962235,542788,861500.0,12,12,2024,1.5872,0.2,172300.0,True,43075.0,80186.25,295561.25,295561.25,158.7,Dec 2024
REP053,Tiya Rege,East,DataSync,46,810430,353371,370300.0,8,12,2024,1.0479,0.15,55545.0,False,0.0,67535.83,123080.83,123080.83,104.8,Dec 2024
REP054,Faiyaz Din,South,DataSync,67,1026807,428065,396500.0,7,12,2024,0.9263,0.1,39650.0,False,0.0,85567.25,125217.25,125217.25,92.6,Dec 2024
REP055,Indranil Karan,West,CloudCore,14,903266,622075,842200.0,8,12,2024,1.3539,0.2,168440.0,False,0.0,75272.17,243712.17,243712.17,135.4,Dec 2024
REP056,Saira Vora,West,DataSync,3,896228,387439,300600.0,5,12,2024,0.7759,0.05,15030.0,False,0.0,74685.67,89715.67,89715.67,77.6,Dec 2024
REP057,Damini Singh,East,DataSync,36,1034030,342357,229600.0,4,12,2024,0.6706,0.05,11480.0,False,0.0,86169.17,97649.17,97649.17,67.1,Dec 2024
REP058,Dishani Bera,East,SecureAPI,57,989239,497038,507400.0,10,12,2024,1.0208,0.15,76110.0,False,0.0,82436.58,158546.58,158546.58,102.1,Dec 2024
REP059,Navya Kulkarni,North,CloudCore,22,878898,686046,1110900.0,13,12,2024,1.6193,0.2,222180.0,True,55545.0,73241.5,350966.5,350966.5,161.9,Dec 2024
REP060,Indrans Grover,South,SecureAPI,21,1137151,462666,708800.0,10,12,2024,1.532,0.2,141760.0,False,0.0,94762.58,236522.58,236522.58,153.2,Dec 2024
REP061,Hrishita Sood,South,CloudCore,49,1073232,420916,612300.0,10,12,2024,1.4547,0.2,122460.0,False,0.0,89436.0,211896.0,211896.0,145.5,Dec 2024
REP062,Kismat Edwin,North,CloudCore,34,1020281,453893,478500.0,6,12,2024,1.0542,0.15,71775.0,False,0.0,85023.42,156798.42,156798.42,105.4,Dec 2024
REP063,Advik Bhalla,South,DataSync,22,1176117,542683,753200.0,9,12,2024,1.3879,0.2,150640.0,False,0.0,98009.75,248649.75,248649.75,138.8,Dec 2024
REP064,Zara Dube,North,CloudCore,25,970395,616161,528300.0,8,12,2024,0.8574,0.1,52830.0,False,0.0,80866.25,133696.25,133696.25,85.7,Dec 2024
REP065,Bhavin Dara,North,SecureAPI,55,1148321,560301,1004300.0,13,12,2024,1.7924,0.2,200860.0,True,50215.0,95693.42,346768.42,346768.42,179.2,Dec 2024
REP066,Dharmajan Setty,South,SecureAPI,37,1010222,391732,434500.0,9,12,2024,1.1092,0.15,65175.0,False,0.0,84185.17,149360.17,149360.17,110.9,Dec 2024
REP067,Darshit Sidhu,West,CloudCore,51,963346,420302,239000.0,5,12,2024,0.5686,0.05,11950.0,False,0.0,80278.83,92228.83,92228.83,56.9,Dec 2024
REP068,Gokul Sahni,West,DataSync,28,1083238,514063,379100.0,6,12,2024,0.7375,0.05,18955.0,False,0.0,90269.83,109224.83,109224.83,73.8,Dec 2024
REP069,Ira Butala,East,DataSync,42,883321,515098,447200.0,6,12,2024,0.8682,0.1,44720.0,False,0.0,73610.08,118330.08,118330.08,86.8,Dec 2024
REP070,Eva Viswanathan,North,SecureAPI,31,1038651,356203,330100.0,6,12,2024,0.9267,0.1,33010.0,False,0.0,86554.25,119564.25,119564.25,92.7,Dec 2024
REP071,Lakshit Madan,East,DataSync,45,908910,373034,463800.0,9,12,2024,1.2433,0.2,92760.0,False,0.0,75742.5,168502.5,168502.5,124.3,Dec 2024
REP072,Riya Dugal,West,SecureAPI,47,1142683,518160,491600.0,7,12,2024,0.9487,0.1,49160.0,False,0.0,95223.58,144383.58,144383.58,94.9,Dec 2024
REP073,Oorja Sachar,South,DataSync,6,1097235,330236,356600.0,8,12,2024,1.0798,0.15,53490.0,False,0.0,91436.25,144926.25,144926.25,108.0,Dec 2024
REP074,Advika Yogi,South,SecureAPI,25,1023903,502198,587500.0,11,12,2024,1.1699,0.15,88125.0,False,0.0,85325.25,173450.25,173450.25,117.0,Dec 2024
REP075,Fateh Dasgupta,South,DataSync,7,1028361,328417,282700.0,8,12,2024,0.8608,0.1,28270.0,False,0.0,85696.75,113966.75,113966.75,86.1,Dec 2024
REP076,Chirag Gara,North,CloudCore,43,1162479,628796,920200.0,9,12,2024,1.4634,0.2,184040.0,False,0.0,96873.25,280913.25,280913.25,146.3,Dec 2024
REP077,Khushi Malhotra,West,SecureAPI,17,1386265,450976,603400.0,8,12,2024,1.338,0.2,120680.0,False,0.0,115522.08,236202.08,236202.08,133.8,Dec 2024
REP078,Khushi Choudhary,West,SecureAPI,35,1049312,361635,350800.0,6,12,2024,0.97,0.1,35080.0,False,0.0,87442.67,122522.67,122522.67,97.0,Dec 2024
REP079,Devansh Sathe,West,DataSync,69,851773,542633,538800.0,6,12,2024,0.9929,0.1,53880.0,False,0.0,70981.08,124861.08,124861.08,99.3,Dec 2024
REP080,Manikya Bandi,East,SecureAPI,28,1060110,445478,431300.0,9,12,2024,0.9682,0.1,43130.0,False,0.0,88342.5,131472.5,131472.5,96.8,Dec 2024
